City_ID,City,Country,Date,Lat,Lng,Max Temp,Humidity,Cloudiness,Wind Speed
0,Kaitangata,NZ,2022-01-24 00:08:57,-46.2817,169.8464,55.92,70,53,8.37
1,Albany,US,2022-01-24 00:08:58,42.6001,-73.9662,26.8,86,100,2.1
2,Carnarvon,AU,2022-01-24 00:08:59,-24.8667,113.6333,84.27,51,1,23.02
3,Chuy,UY,2022-01-24 00:08:59,-33.6971,-53.4616,73.38,95,86,4.41
4,Kloulklubed,PW,2022-01-24 00:09:00,7.0419,134.2556,82.9,81,54,19.62
5,Port Alfred,ZA,2022-01-24 00:09:01,-33.5906,26.891,71.53,77,0,16.26
6,Jamestown,US,2022-01-24 00:09:02,42.097,-79.2353,21.09,67,100,5.01
7,Guilin,CN,2022-01-24 00:09:03,25.2819,110.2864,43.61,88,98,6.6
8,Camacha,PT,2022-01-24 00:09:03,33.0833,-16.3333,59.76,77,40,5.75
9,Cape Town,ZA,2022-01-24 00:09:03,-33.9258,18.4232,70.88,86,39,1.01
10,Rikitea,PF,2022-01-24 00:09:05,-23.1203,-134.9692,78.37,70,100,15.1
11,Ouadda,CF,2022-01-24 00:09:06,8.0777,22.4007,67.8,29,19,5.84
12,Gambela,ET,2022-01-24 00:09:07,8.25,34.5833,79.68,36,65,1.43
13,Port Hardy,CA,2022-01-24 00:09:08,50.6996,-127.4199,42.76,73,100,4.29
14,Lithakia,GR,2022-01-24 00:09:09,37.7167,20.8333,40.59,51,60,12.01
15,Launceston,AU,2022-01-24 00:09:09,-41.45,147.1667,74.61,54,77,4.0
16,Te Anau,NZ,2022-01-24 00:09:10,-45.4167,167.7167,61.38,59,53,1.39
17,Punta Arenas,CL,2022-01-24 00:09:11,-53.15,-70.9167,53.71,71,75,23.02
18,Dikson,RU,2022-01-24 00:09:12,73.5069,80.5464,-6.39,99,100,20.38
19,Cabo San Lucas,MX,2022-01-24 00:08:23,22.8909,-109.9124,73.62,71,100,1.01
20,Avera,US,2022-01-24 00:09:13,33.194,-82.5271,48.7,54,0,7.67
21,Atuona,PF,2022-01-24 00:07:27,-9.8,-139.0333,78.75,71,10,18.25
22,Lorengau,PG,2022-01-24 00:09:15,-2.0226,147.2712,84.24,78,84,12.93
23,Provideniya,RU,2022-01-24 00:09:16,64.3833,-173.3,14.36,79,100,8.95
24,Namwala,ZM,2022-01-24 00:09:16,-15.7504,26.4384,60.84,97,61,3.65
25,Pisco,PE,2022-01-24 00:09:17,-13.7,-76.2167,71.65,73,0,21.85
26,Srednekolymsk,RU,2022-01-24 00:09:19,67.45,153.6833,-25.82,98,100,6.82
27,Guerrero Negro,MX,2022-01-24 00:09:19,27.9769,-114.0611,64.47,44,83,10.74
28,Castro,BR,2022-01-24 00:09:20,-24.7911,-50.0119,69.55,80,32,4.65
29,Barrow,US,2022-01-24 00:05:45,71.2906,-156.7887,1.42,85,100,5.75
30,Lima,PE,2022-01-24 00:05:41,-12.0432,-77.0282,72.14,62,0,1.01
31,Ancud,CL,2022-01-24 00:09:22,-41.8697,-73.8203,59.43,87,84,8.41
32,Aksu,CN,2022-01-24 00:09:23,41.1231,80.2644,22.73,57,97,2.68
33,Moose Factory,CA,2022-01-24 00:09:24,51.2585,-80.6094,-14.82,76,100,5.75
34,Laguna,US,2022-01-24 00:09:25,38.421,-121.4238,66.49,54,0,1.01
35,Puerto Ayora,EC,2022-01-24 00:09:26,-0.7393,-90.3518,74.16,87,96,8.21
36,Sitka,US,2022-01-24 00:09:27,57.0531,-135.33,39.09,93,100,0.0
37,Hilo,US,2022-01-24 00:05:04,19.7297,-155.09,78.53,73,40,8.05
38,Jarocin,PL,2022-01-24 00:09:28,51.9727,17.5026,35.74,95,100,5.61
39,Nsoko,SZ,2022-01-24 00:09:29,-27.0333,31.95,65.23,87,21,3.83
40,Yellowknife,CA,2022-01-24 00:09:30,62.456,-114.3525,-22.97,96,56,4.83
41,Victoria,HK,2022-01-24 00:05:58,22.2855,114.1577,67.32,93,90,1.01
42,Gushikawa,JP,2022-01-24 00:09:31,26.3544,127.8686,69.8,91,75,9.22
43,Wanning,CN,2022-01-24 00:09:32,18.8003,110.3967,72.14,91,74,2.68
44,Terra Santa,BR,2022-01-24 00:09:33,-2.1042,-56.4869,75.38,95,97,1.92
45,Dubti,ET,2022-01-24 00:09:34,11.7361,41.0853,74.39,66,48,10.27
46,Thompson,CA,2022-01-24 00:10:35,55.7435,-97.8558,-11.96,88,23,8.55
47,Upernavik,GL,2022-01-24 00:09:21,72.7868,-56.1549,-13.18,61,3,4.99
48,Kapit,MY,2022-01-24 00:10:36,2.0167,112.9333,74.23,99,100,0.72
49,Shaki,AZ,2022-01-24 00:10:37,41.0833,47.1667,36.39,49,1,1.48
50,Harper,LR,2022-01-24 00:09:17,4.375,-7.7169,77.74,85,0,6.17
51,Tuatapere,NZ,2022-01-24 00:10:39,-46.1333,167.6833,59.83,52,36,4.45
52,Hohhot,CN,2022-01-24 00:10:40,40.8106,111.6522,17.56,93,85,2.95
53,Newport,GB,2022-01-24 00:05:56,51.5877,-2.9984,41.86,84,97,5.35
54,Avarua,CK,2022-01-24 00:10:41,-21.2078,-159.775,77.05,100,75,13.8
55,Kahului,US,2022-01-24 00:10:42,20.8947,-156.47,82.42,70,20,19.57
56,East London,ZA,2022-01-24 00:10:32,-33.0153,27.9116,71.62,77,0,19.84
57,Butaritari,KI,2022-01-24 00:10:42,3.0707,172.7902,82.22,79,96,18.1
58,Bluff,NZ,2022-01-24 00:09:22,-46.6,168.3333,59.81,59,53,5.57
59,San Patricio,US,2022-01-24 00:10:44,28.017,-97.5169,57.92,45,100,3.76
60,Rognan,NO,2022-01-24 00:10:45,67.0953,15.3878,46.54,87,100,19.15
61,Kiruna,SE,2022-01-24 00:10:45,67.8557,20.2251,40.12,70,100,26.46
62,Solnechnyy,RU,2022-01-24 00:10:46,50.7214,136.6319,-9.26,94,27,3.22
63,Arraial Do Cabo,BR,2022-01-24 00:09:22,-22.9661,-42.0278,76.32,83,4,21.83
64,Ushuaia,AR,2022-01-24 00:09:24,-54.8,-68.3,51.46,76,75,10.36
65,Hobart,AU,2022-01-24 00:09:20,-42.8794,147.3294,79.02,65,100,9.22
66,Saint-Philippe,RE,2022-01-24 00:09:21,-21.3585,55.7679,78.35,81,58,7.9
67,Batagay-Alyta,RU,2022-01-24 00:10:48,67.8006,130.4114,-11.78,90,100,1.25
68,Vila Franca Do Campo,PT,2022-01-24 00:10:41,37.7167,-25.4333,59.2,70,27,6.02
69,Fort Nelson,CA,2022-01-24 00:07:10,58.8053,-122.7002,26.44,95,90,0.38
70,Omboue,GA,2022-01-24 00:10:49,-1.5746,9.2618,76.57,86,32,6.53
71,Nikolskoye,RU,2022-01-24 00:10:50,59.7035,30.7861,26.87,93,96,8.66
72,Souillac,MU,2022-01-24 00:09:27,-20.5167,57.5167,78.37,78,68,7.45
73,Honiara,SB,2022-01-24 00:10:51,-9.4333,159.95,87.48,67,82,6.98
74,Saint-Joseph,RE,2022-01-24 00:10:51,-21.3667,55.6167,77.36,81,44,9.42
75,Nuuk,GL,2022-01-24 00:10:52,64.1835,-51.7216,20.59,74,100,10.83
76,Tongliao,CN,2022-01-24 00:07:59,43.6125,122.2653,0.14,94,100,3.09
77,Vieira De Leiria,PT,2022-01-24 00:10:53,39.8695,-8.9324,50.99,69,2,5.28
78,Hermanus,ZA,2022-01-24 00:10:54,-34.4187,19.2345,67.89,93,71,7.58
79,Longyearbyen,SJ,2022-01-24 00:10:54,78.2186,15.6401,13.84,79,0,13.8
80,Rio Grande,BR,2022-01-24 00:10:54,-32.035,-52.0986,78.94,91,66,9.44
81,Darhan,MN,2022-01-24 00:10:55,49.4867,105.9228,2.23,98,100,1.81
82,Los Llanos De Aridane,ES,2022-01-24 00:10:55,28.6585,-17.9182,60.55,88,20,8.99
83,Mlowo,TZ,2022-01-24 00:10:56,-9.0,32.9833,58.03,99,100,3.02
84,Cap Malheureux,MU,2022-01-24 00:10:56,-19.9842,57.6142,78.48,84,40,3.0
85,Dunedin,NZ,2022-01-24 00:10:56,-45.8742,170.5036,56.8,75,100,5.99
86,Neiafu,TO,2022-01-24 00:10:57,-18.65,-173.9833,88.48,74,40,4.61
87,Nome,US,2022-01-24 00:08:07,64.5011,-165.4064,3.27,78,0,0.0
88,Khor,RU,2022-01-24 00:10:58,47.8861,134.9464,-14.55,100,99,3.71
89,Kapaa,US,2022-01-24 00:10:58,22.0752,-159.319,79.48,71,20,1.01
90,Viedma,AR,2022-01-24 00:10:58,-40.8135,-62.9967,80.89,26,16,19.22
91,Tricase,IT,2022-01-24 00:10:59,39.9304,18.3553,41.32,52,29,24.02
92,Kaeo,NZ,2022-01-24 00:10:59,-35.1,173.7833,71.33,87,100,11.45
93,Alamogordo,US,2022-01-24 00:10:27,32.8995,-105.9603,45.21,69,100,6.91
94,Vaini,TO,2022-01-24 00:12:00,-21.2,-175.2,81.36,76,26,11.48
95,Najran,SA,2022-01-24 00:12:01,17.4924,44.1277,55.62,45,5,0.72
96,Qaanaaq,GL,2022-01-24 00:12:02,77.484,-69.3632,-4.31,77,100,3.6
97,Russell,US,2022-01-24 00:07:26,32.3502,-85.1999,46.0,56,0,4.61
98,Lavrentiya,RU,2022-01-24 00:12:03,65.5833,-171.0,9.14,97,100,4.16
99,Tigil,RU,2022-01-24 00:12:04,57.8,158.6667,2.82,95,99,2.24
100,Itoman,JP,2022-01-24 00:12:04,26.1247,127.6694,70.57,92,75,14.97
101,Linfen,CN,2022-01-24 00:12:05,36.0889,111.5189,32.38,92,96,4.56
102,Saint-Francois,FR,2022-01-24 00:12:06,46.4154,3.9054,33.48,92,100,2.3
103,Leningradskiy,RU,2022-01-24 00:12:07,69.3833,178.4167,-13.58,95,100,5.1
104,Aykhal,RU,2022-01-24 00:12:07,66.0,111.5,5.41,97,87,4.72
105,Baghdad,IQ,2022-01-24 00:07:32,33.3406,44.4009,46.85,35,43,6.73
106,Naze,JP,2022-01-24 00:11:48,28.3667,129.4833,63.84,84,94,12.35
107,Yar-Sale,RU,2022-01-24 00:12:08,66.8333,70.8333,4.33,94,60,12.3
108,Uberlandia,BR,2022-01-24 00:12:08,-18.9186,-48.2772,71.19,80,64,2.86
109,Ponta Do Sol,PT,2022-01-24 00:12:09,32.6667,-17.1,63.72,80,99,5.79
110,La Palma,US,2022-01-24 00:12:10,33.8464,-118.0467,76.17,24,1,8.01
111,San Quintin,MX,2022-01-24 00:12:10,30.4833,-115.95,64.94,38,2,8.9
112,Karpathos,GR,2022-01-24 00:12:10,35.507,27.2132,40.96,65,85,16.11
113,Mataura,NZ,2022-01-24 00:12:11,-46.1927,168.8643,59.49,40,36,1.21
114,Jutai,BR,2022-01-24 00:12:11,-5.1833,-68.9,74.77,97,95,2.06
115,Tual,ID,2022-01-24 00:12:12,-5.6667,132.75,82.83,79,97,12.35
116,Itaiba,BR,2022-01-24 00:12:13,-8.9475,-37.4228,77.25,64,64,8.48
117,Saint George,US,2022-01-24 00:12:14,37.1041,-113.5841,57.67,30,0,4.0
118,Makakilo City,US,2022-01-24 00:12:14,21.3469,-158.0858,80.92,56,40,8.05
119,Codrington,AU,2022-01-24 00:12:15,-38.2667,141.9667,89.4,26,100,7.07
120,New Norfolk,AU,2022-01-24 00:12:15,-42.7826,147.0587,78.66,43,99,1.01
121,Joshimath,IN,2022-01-24 00:12:16,30.5667,79.5667,33.3,87,97,5.26
122,Ilulissat,GL,2022-01-24 00:12:16,69.2167,-51.1,14.02,52,100,16.11
123,Norman Wells,CA,2022-01-24 00:12:17,65.282,-126.8329,5.04,78,90,8.05
124,Mancora,PE,2022-01-24 00:12:17,-4.1078,-81.0475,77.58,67,82,14.36
125,Georgetown,MY,2022-01-24 00:08:08,5.4112,100.3354,78.73,83,20,3.44
126,Atambua,ID,2022-01-24 00:12:18,-9.1061,124.8925,78.73,79,100,3.29
127,Hamilton,US,2022-01-24 00:08:09,39.1834,-84.5333,28.36,70,100,1.01
128,Aksarka,RU,2022-01-24 00:12:19,66.5606,67.7975,0.25,98,64,10.67
129,Namatanai,PG,2022-01-24 00:12:19,-3.6667,152.4333,85.06,67,99,4.72
130,Tasiilaq,GL,2022-01-24 00:12:20,65.6145,-37.6368,15.96,51,66,11.79
131,Ketchikan,US,2022-01-24 00:12:20,55.3422,-131.6461,45.07,93,90,8.05
132,Marawi,PH,2022-01-24 00:12:21,7.9986,124.2928,67.64,95,100,2.84
133,Virginia Beach,US,2022-01-24 00:11:30,36.8529,-75.978,39.02,70,0,8.05
134,Nanortalik,GL,2022-01-24 00:12:22,60.1432,-45.2371,23.85,77,100,7.11
135,Severo-Yeniseyskiy,RU,2022-01-24 00:12:22,60.3725,93.0408,-6.23,100,97,2.98
136,Polovinnoye,RU,2022-01-24 00:13:23,54.7914,65.9864,-12.66,98,42,2.44
137,Ibra,OM,2022-01-24 00:13:23,22.6906,58.5334,56.97,72,0,1.74
138,Dingle,PH,2022-01-24 00:13:24,10.9995,122.6711,78.48,85,80,8.7
139,Lazaro Cardenas,MX,2022-01-24 00:13:24,17.9583,-102.2,80.17,62,58,7.9
140,Atar,MR,2022-01-24 00:13:25,20.5169,-13.0499,72.75,18,99,8.34
141,Nohar,IN,2022-01-24 00:13:25,29.1833,74.7667,49.8,87,2,5.06
142,Namibe,AO,2022-01-24 00:13:26,-15.1961,12.1522,74.95,86,82,5.57
143,Beyneu,KZ,2022-01-24 00:13:26,45.3167,55.2,27.28,85,100,15.37
144,Bratsk,RU,2022-01-24 00:13:27,56.1325,101.6142,-1.71,99,100,1.41
145,Port Lincoln,AU,2022-01-24 00:13:27,-34.7333,135.8667,71.76,85,70,6.85
146,Antofagasta,CL,2022-01-24 00:13:28,-23.65,-70.4,65.88,79,64,6.96
147,Lagoa,PT,2022-01-24 00:09:19,39.05,-27.9833,59.16,62,22,5.97
148,Igurusi,TZ,2022-01-24 00:13:28,-8.85,33.85,62.78,95,100,2.21
149,Ziro,IN,2022-01-24 00:13:29,27.6333,93.8333,34.83,95,100,2.1
150,Mahebourg,MU,2022-01-24 00:13:29,-20.4081,57.7,78.26,77,55,7.76
151,Mweka,CD,2022-01-24 00:13:30,-4.85,21.5667,67.69,95,99,0.36
152,Chichawatni,PK,2022-01-24 00:13:30,30.5333,72.7,47.23,91,5,3.98
153,Bethel,US,2022-01-24 00:11:37,41.3712,-73.414,33.04,77,100,5.75
154,Chokurdakh,RU,2022-01-24 00:13:31,70.6333,147.9167,-19.79,99,100,6.78
155,Austin,US,2022-01-24 00:10:04,30.2672,-97.7431,58.15,44,100,1.01
156,Badiraguato,MX,2022-01-24 00:13:32,25.3667,-107.5167,71.71,28,98,4.21
157,Port Blair,IN,2022-01-24 00:13:32,11.6667,92.75,69.84,100,40,1.14
158,Aquin,HT,2022-01-24 00:13:33,18.2833,-73.4,75.22,78,29,2.51
159,Juneau,US,2022-01-24 00:13:33,58.3019,-134.4197,41.22,96,75,0.0
160,Kodiak,US,2022-01-24 00:13:34,57.79,-152.4072,42.31,81,100,12.66
161,Umba,RU,2022-01-24 00:13:34,66.6871,34.3429,34.39,97,100,13.51
162,Bambous Virieux,MU,2022-01-24 00:13:34,-20.3428,57.7575,78.22,78,51,7.9
163,Ayan,RU,2022-01-24 00:13:35,56.45,138.1667,4.89,65,49,12.39
164,Kruisfontein,ZA,2022-01-24 00:13:35,-34.0033,24.7314,75.83,23,0,9.17
165,Port Elizabeth,ZA,2022-01-24 00:11:47,-33.918,25.5701,73.27,66,0,2.1
166,Lucapa,AO,2022-01-24 00:13:36,-8.4192,20.7447,63.48,97,65,1.97
167,Muros,ES,2022-01-24 00:13:37,42.7762,-9.0603,46.24,93,0,3.91
168,Airai,TL,2022-01-24 00:13:37,-8.9266,125.4092,68.99,72,100,2.48
169,Oskarshamn,SE,2022-01-24 00:13:38,57.2645,16.4484,40.98,95,78,7.92
170,Itarema,BR,2022-01-24 00:13:38,-2.9248,-39.9167,79.11,71,21,13.78
171,La Ronge,CA,2022-01-24 00:13:38,55.1001,-105.2842,-4.13,98,96,5.39
172,San Vicente,AR,2022-01-24 00:13:39,-26.6167,-54.1333,77.36,65,95,4.43
173,Mercedes,AR,2022-01-24 00:13:39,-34.6515,-59.4307,77.18,72,99,5.53
174,Hobyo,SO,2022-01-24 00:13:40,5.3505,48.5268,76.37,71,97,17.47
175,Adrar,MR,2022-01-24 00:13:40,20.5022,-10.0711,65.41,17,33,10.74
176,Waynesville,US,2022-01-24 00:13:41,35.4887,-82.9887,38.48,57,36,8.99
177,Bilma,NE,2022-01-24 00:13:19,18.6853,12.9164,57.76,22,84,13.38
178,Esperance,AU,2022-01-24 00:13:42,-33.8667,121.9,66.83,81,80,13.6
179,Puerto Ayacucho,VE,2022-01-24 00:13:43,5.6639,-67.6236,80.62,66,92,5.3
180,Gayeri,BF,2022-01-24 00:13:43,12.6497,0.4931,67.33,14,0,8.72
181,Panjab,AF,2022-01-24 00:13:44,34.388,67.0233,-15.7,76,15,5.82
182,Mar Del Plata,AR,2022-01-24 00:10:59,-38.0023,-57.5575,71.01,89,95,4.0
183,Deputatskiy,RU,2022-01-24 00:14:44,69.3,139.9,-21.44,98,100,5.08
184,Quang Ngai,VN,2022-01-24 00:14:45,15.1167,108.8,71.19,93,21,4.41
185,Baykalovo,RU,2022-01-24 00:14:46,57.3981,63.7684,8.22,92,100,6.69
186,Ribeira Grande,PT,2022-01-24 00:14:46,38.5167,-28.7,59.94,64,8,5.61
187,Ruse,BG,2022-01-24 00:14:47,43.8564,25.9708,27.45,71,96,12.62
188,Dickinson,US,2022-01-24 00:14:47,29.4608,-95.0513,57.29,57,75,1.01
189,Busselton,AU,2022-01-24 00:14:48,-33.65,115.3333,70.05,69,24,16.75
190,Muzhi,RU,2022-01-24 00:14:48,65.3667,64.6667,-7.67,100,84,5.17
191,Bathsheba,BB,2022-01-24 00:14:49,13.2167,-59.5167,77.61,73,20,16.11
192,Ambilobe,MG,2022-01-24 00:14:49,-13.2,49.05,73.56,96,100,5.73
193,Severo-Kurilsk,RU,2022-01-24 00:10:33,50.6789,156.125,26.83,74,99,11.16
194,Samarai,PG,2022-01-24 00:14:50,-10.6167,150.6667,85.46,70,64,11.97
195,Cidreira,BR,2022-01-24 00:14:51,-30.1811,-50.2056,77.05,89,69,9.84
196,Sao Joao Da Barra,BR,2022-01-24 00:14:51,-21.6403,-41.0511,76.14,82,21,13.47
197,Mastic Beach,US,2022-01-24 00:14:52,40.7668,-72.8521,35.64,66,100,4.0
198,Copiapo,CL,2022-01-24 00:14:52,-27.3667,-70.3333,70.27,53,51,5.41
199,Tautira,PF,2022-01-24 00:14:53,-17.7333,-149.15,86.02,78,89,14.58
200,Christchurch,NZ,2022-01-24 00:14:04,-43.5333,172.6333,60.94,87,90,1.99
201,Jhelum,PK,2022-01-24 00:14:53,32.9331,73.7264,49.96,88,96,3.91
202,Lethem,GY,2022-01-24 00:14:54,3.3803,-59.7968,84.27,53,91,11.61
203,Manado,ID,2022-01-24 00:14:55,1.487,124.8455,81.37,78,20,2.3
204,Constitucion,CL,2022-01-24 00:12:36,-35.3333,-72.4167,60.64,79,0,16.84
205,Hithadhoo,MV,2022-01-24 00:14:56,-0.6,73.0833,82.33,66,75,15.43
206,Bengkulu,ID,2022-01-24 00:14:56,-3.8004,102.2655,75.87,88,76,3.69
207,Shelburne,CA,2022-01-24 00:14:57,44.0787,-80.2041,7.25,80,71,5.08
208,Muisne,EC,2022-01-24 00:14:58,0.6,-80.0333,76.8,87,83,6.15
209,Martapura,ID,2022-01-24 00:14:58,-3.4167,114.85,80.69,94,20,5.75
210,Bay Roberts,CA,2022-01-24 00:14:59,47.5999,-53.2648,27.52,82,56,5.99
211,Migori,KE,2022-01-24 00:14:59,-1.0634,34.4731,65.12,79,100,4.36
212,Kavaratti,IN,2022-01-24 00:14:59,10.5669,72.642,79.57,64,15,10.8
213,Abonnema,NG,2022-01-24 00:15:00,4.7084,6.7931,79.23,80,5,4.81
214,Atlantis,ZA,2022-01-24 00:15:00,-33.5667,18.4834,67.35,91,10,0.83
215,Geraldton,AU,2022-01-24 00:13:05,-28.7667,114.6,77.41,69,40,21.85
216,Lebu,CL,2022-01-24 00:15:01,-37.6167,-73.65,60.89,85,0,8.93
217,Sistranda,NO,2022-01-24 00:15:02,63.7256,8.834,47.89,70,100,45.43
218,Wegrow,PL,2022-01-24 00:15:02,52.3995,22.0163,26.55,94,20,4.61
219,Hay River,CA,2022-01-24 00:15:03,60.8156,-115.7999,-7.62,84,75,4.61
220,Leshukonskoye,RU,2022-01-24 00:15:03,64.8989,45.7622,13.35,93,100,9.93
221,Marau,BR,2022-01-24 00:12:57,-28.4492,-52.2,70.52,91,85,5.37
222,Tambacounda,SN,2022-01-24 00:15:04,13.7539,-13.7586,73.45,25,0,6.91
223,Vardo,NO,2022-01-24 00:11:56,70.3705,31.1107,41.2,80,100,42.46
224,Chake Chake,TZ,2022-01-24 00:15:05,-5.2459,39.7666,78.96,74,100,11.01
225,Noumea,NC,2022-01-24 00:13:43,-22.2763,166.4572,84.18,99,39,6.64
226,Pevek,RU,2022-01-24 00:16:06,69.7008,170.3133,-9.67,96,100,18.34
227,Loralai,PK,2022-01-24 00:16:07,30.3705,68.598,34.07,53,0,6.15
228,Travesia,HN,2022-01-24 00:16:07,15.8667,-87.9,79.09,83,20,6.53
229,Saldanha,ZA,2022-01-24 00:16:08,-33.0117,17.9442,65.79,95,77,9.93
230,Anadyr,RU,2022-01-24 00:16:08,64.75,177.4833,-14.01,75,20,6.71
231,Richards Bay,ZA,2022-01-24 00:14:22,-28.783,32.0377,67.71,87,12,5.3
232,Tuktoyaktuk,CA,2022-01-24 00:11:44,69.4541,-133.0374,4.42,96,100,7.11
233,Saskylakh,RU,2022-01-24 00:16:09,71.9167,114.0833,-18.76,100,97,4.25
234,Torbay,CA,2022-01-24 00:16:10,47.6666,-52.7314,26.76,90,100,16.11
235,Axim,GH,2022-01-24 00:16:10,4.8699,-2.2405,78.15,87,5,5.35
236,Talara,PE,2022-01-24 00:16:11,-4.5772,-81.2719,71.58,83,64,14.34
237,Tamiami,US,2022-01-24 00:16:11,25.7587,-80.3984,59.0,87,75,8.05
238,Socorro,US,2022-01-24 00:16:12,31.6546,-106.3033,52.81,38,40,6.91
239,Byron Bay,AU,2022-01-24 00:14:54,-28.65,153.6167,82.06,70,41,12.82
240,Lingyuan,CN,2022-01-24 00:16:13,41.24,119.4011,15.93,45,100,1.36
241,Clarksburg,US,2022-01-24 00:16:13,39.2807,-80.3445,33.8,89,100,9.22
242,Braesti,RO,2022-01-24 00:16:14,47.15,27.1,23.97,92,100,13.87
243,Eyl,SO,2022-01-24 00:16:14,7.9803,49.8164,72.19,74,65,14.16
244,Lompoc,US,2022-01-24 00:11:41,34.6391,-120.4579,72.7,62,0,8.05
245,Xining,CN,2022-01-24 00:16:15,36.6167,101.7667,17.11,70,2,0.54
246,Kiama,AU,2022-01-24 00:16:15,-34.6833,150.8667,79.25,67,98,1.99
247,Hami,CN,2022-01-24 00:16:16,42.8,93.45,21.87,58,0,4.68
248,Langxiang,CN,2022-01-24 00:16:17,46.95,128.8833,-2.11,98,88,2.39
249,Skibbereen,IE,2022-01-24 00:16:17,51.55,-9.2667,46.2,88,100,11.23
250,Portland,US,2022-01-24 00:12:14,45.5234,-122.6762,55.51,69,39,3.0
251,Belle Glade,US,2022-01-24 00:15:08,26.6845,-80.6676,55.99,69,55,11.88
252,Bairiki,KI,2022-01-24 00:16:18,1.3292,172.9752,87.8,74,40,9.22
253,Bhainsa,IN,2022-01-24 00:16:19,26.9548,76.9012,48.09,75,0,3.15
254,Nadym,RU,2022-01-24 00:16:19,65.5333,72.5167,-7.08,100,56,6.4
255,Pekalongan,ID,2022-01-24 00:16:20,-6.8886,109.6753,80.01,81,96,4.59
256,Jalu,LY,2022-01-24 00:16:20,29.0331,21.5482,49.01,62,9,6.69
257,Faanui,PF,2022-01-24 00:16:21,-16.4833,-151.75,81.3,70,97,14.03
258,Talitsy,RU,2022-01-24 00:16:22,56.5289,42.3344,-1.23,100,99,1.32
259,Sola,VU,2022-01-24 00:16:22,-13.8833,167.55,86.67,74,75,9.22
260,Praia Da Vitoria,PT,2022-01-24 00:16:22,38.7333,-27.0667,62.85,67,20,6.08
261,Saint-Augustin,CA,2022-01-24 00:16:23,51.226,-58.6502,7.66,98,96,1.32
262,Murdochville,CA,2022-01-24 00:16:24,48.9583,-65.5006,8.69,85,76,10.83
263,Barcelos,PT,2022-01-24 00:12:47,41.5388,-8.6151,45.68,74,0,4.0
264,Korla,CN,2022-01-24 00:16:24,41.7597,86.1469,24.31,57,100,2.86
265,Malumfashi,NG,2022-01-24 00:16:25,11.7853,7.6218,62.04,19,2,10.98
266,Kismayo,SO,2022-01-24 00:14:24,-0.3582,42.5454,77.49,80,25,18.88
267,Pemba,MZ,2022-01-24 00:16:25,-12.974,40.5178,79.5,94,100,13.8
268,Harlingen,US,2022-01-24 00:16:26,26.1906,-97.6961,58.98,99,100,9.22
269,Tiznit,MA,2022-01-24 00:16:26,29.5833,-9.5,55.2,62,72,0.76
270,Rock Sound,BS,2022-01-24 00:17:27,24.9,-76.2,73.69,77,12,9.42
271,Luanda,AO,2022-01-24 00:17:27,-8.8368,13.2343,74.1,86,38,8.43
272,College,US,2022-01-24 00:17:28,64.8569,-147.8028,17.26,78,40,0.0
273,Pinega,RU,2022-01-24 00:17:28,64.7001,43.3936,15.69,92,100,10.63
274,Jiwani,PK,2022-01-24 00:17:29,25.05,61.7417,61.83,33,0,4.05
275,Bredasdorp,ZA,2022-01-24 00:17:29,-34.5322,20.0403,67.28,88,38,8.39
276,Porto Nacional,BR,2022-01-24 00:17:30,-10.7081,-48.4172,75.2,93,58,1.59
277,Villa Maria,AR,2022-01-24 00:17:30,-32.4075,-63.2402,74.82,86,87,5.03
278,Calabar,NG,2022-01-24 00:17:31,4.9517,8.322,77.7,82,3,0.96
279,Loiza,PR,2022-01-24 00:17:31,18.4313,-65.8802,76.98,70,20,4.61
280,Amahai,ID,2022-01-24 00:17:32,-3.3333,128.9167,83.14,69,90,1.63
281,Yerbogachen,RU,2022-01-24 00:17:32,61.2767,108.0108,-15.21,100,95,4.47
282,Gorin,RU,2022-01-24 00:17:33,51.1983,136.6669,-15.41,97,69,3.89
283,Vila Velha,BR,2022-01-24 00:17:33,-20.3297,-40.2925,78.75,84,75,5.75
284,Dwarka,IN,2022-01-24 00:17:34,22.2394,68.9678,62.58,46,11,5.91
285,Margate,GB,2022-01-24 00:17:34,51.3813,1.3862,41.92,79,98,3.0
286,Port-Gentil,GA,2022-01-24 00:17:35,-0.7193,8.7815,79.59,79,20,8.84
287,Hasaki,JP,2022-01-24 00:17:35,35.7333,140.8333,46.29,60,100,25.52
288,Vera Cruz,BR,2022-01-24 00:17:36,-12.6333,-41.0333,67.37,96,57,1.57
289,Luderitz,NA,2022-01-24 00:17:36,-26.6481,15.1594,75.45,66,51,8.21
290,Srivardhan,IN,2022-01-24 00:17:37,18.0333,73.0167,62.89,75,30,8.05
291,Kalmunai,LK,2022-01-24 00:17:37,7.4167,81.8167,70.56,82,73,5.44
292,Umm Kaddadah,SD,2022-01-24 00:14:29,13.6017,26.6876,60.78,17,13,15.03
293,Talnakh,RU,2022-01-24 00:17:38,69.4865,88.3972,-3.23,99,99,6.69
294,San Policarpo,PH,2022-01-24 00:15:35,12.1791,125.5072,79.36,90,100,12.73
295,Sao Filipe,CV,2022-01-24 00:14:30,14.8961,-24.4956,75.24,70,100,14.0
296,Kavieng,PG,2022-01-24 00:17:39,-2.5744,150.7967,84.45,67,67,7.09
297,Kathu,TH,2022-01-24 00:17:40,7.9178,98.3332,75.02,80,37,6.98
298,Poum,NC,2022-01-24 00:17:40,-20.2333,164.0167,81.01,68,97,10.8
299,Hudson Bay,CA,2022-01-24 00:17:41,52.85,-102.3842,1.89,95,99,7.23
300,Itanagar,IN,2022-01-24 00:17:41,27.1,93.6167,54.23,76,100,3.15
301,Adilcevaz,TR,2022-01-24 00:17:42,38.8039,42.7342,29.91,84,67,4.16
302,Kabala,SL,2022-01-24 00:17:42,9.5833,-11.55,69.28,20,31,4.07
303,Tiksi,RU,2022-01-24 00:17:43,71.6872,128.8694,-6.79,100,100,2.93
304,Ardakan,IR,2022-01-24 00:17:43,32.31,54.0175,35.98,21,0,1.3
305,Smyrna,US,2022-01-24 00:17:44,33.884,-84.5144,43.79,55,20,1.01
306,Yambio,SS,2022-01-24 00:17:44,4.5721,28.3955,73.58,36,62,4.09
307,Rociu,RO,2022-01-24 00:17:45,44.6667,25.0333,25.79,67,97,4.99
308,Aktash,RU,2022-01-24 00:17:45,50.3,87.7333,-20.0,77,2,3.74
309,Sapouy,BF,2022-01-24 00:17:46,11.5544,-1.7736,66.76,15,0,7.25
310,Champerico,GT,2022-01-24 00:17:46,14.3,-91.9167,86.54,65,1,7.16
311,Guiratinga,BR,2022-01-24 00:17:47,-16.3494,-53.7583,73.81,85,25,3.36
312,Mahibadhoo,MV,2022-01-24 00:17:48,3.7833,72.9667,80.92,69,82,13.62
313,Grasse,FR,2022-01-24 00:17:37,43.6667,6.9167,45.19,93,0,4.61
314,Fenelon Falls,CA,2022-01-24 00:18:48,44.5334,-78.7496,3.61,96,7,5.5
315,Lock Haven,US,2022-01-24 00:18:49,41.137,-77.4469,30.29,97,100,1.36
316,Hoquiam,US,2022-01-24 00:18:49,46.9809,-123.8893,54.01,83,0,11.5
317,Inyonga,TZ,2022-01-24 00:18:50,-6.7167,32.0667,63.41,94,99,2.28
318,Miramar,US,2022-01-24 00:18:50,25.9873,-80.2323,57.22,86,75,8.05
319,Den Helder,NL,2022-01-24 00:18:51,52.9599,4.7593,43.02,83,100,5.99
320,Alofi,NU,2022-01-24 00:18:51,-19.0595,-169.9187,85.89,74,30,10.36
321,Ayr,GB,2022-01-24 00:18:52,55.4627,-4.6339,45.32,81,75,14.97
322,Marzuq,YE,2022-01-24 00:18:52,14.4,46.4667,60.4,72,19,1.79
323,Tucumcari,US,2022-01-24 00:18:53,35.1717,-103.725,49.95,27,0,4.61
324,Nemuro,JP,2022-01-24 00:18:53,43.3236,145.575,18.03,61,100,4.36
325,Phonhong,LA,2022-01-24 00:18:54,18.5007,102.4166,62.42,72,3,3.06
326,Huai Thalaeng,TH,2022-01-24 00:18:55,14.997,102.6475,75.27,69,8,4.65
327,Bertoua,CM,2022-01-24 00:18:55,4.5833,13.6833,68.43,33,18,4.07
328,Bambanglipuro,ID,2022-01-24 00:18:55,-7.95,110.2833,78.57,84,78,6.02
329,Oistins,BB,2022-01-24 00:15:25,13.0667,-59.5333,77.09,73,20,16.11
330,Snyder,US,2022-01-24 00:16:39,32.7179,-100.9176,56.08,43,0,6.91
331,Clyde River,CA,2022-01-24 00:18:56,70.4692,-68.5914,-5.57,84,100,29.93
332,Guantanamo,CU,2022-01-24 00:18:57,20.1444,-75.2092,79.47,86,20,1.74
333,Bago,MM,2022-01-24 00:18:57,17.3367,96.4797,68.13,68,14,2.15
334,Fairbanks,US,2022-01-24 00:14:03,64.8378,-147.7164,16.61,76,0,0.0
335,Nirmal,IN,2022-01-24 00:18:58,19.1,78.35,59.92,47,2,4.47
336,Ngaoundere,CM,2022-01-24 00:14:11,7.3167,13.5833,62.76,26,5,4.41
337,Taoudenni,ML,2022-01-24 00:16:51,22.6783,-3.9836,65.32,18,56,10.04
338,Vestmannaeyjar,IS,2022-01-24 00:18:59,63.4427,-20.2734,34.77,72,100,29.44
339,Klyuchi,RU,2022-01-24 00:19:00,52.2667,79.1667,-10.98,100,92,2.68
340,Coquimbo,CL,2022-01-24 00:19:00,-29.9533,-71.3436,64.27,80,8,7.58
341,Qaqortoq,GL,2022-01-24 00:19:01,60.7167,-46.0333,23.5,72,100,9.44
342,Kodinsk,RU,2022-01-24 00:19:01,58.6881,99.1844,-1.12,99,100,1.39
343,Pallisa,UG,2022-01-24 00:19:02,1.145,33.7094,68.45,76,100,4.12
344,Soyo,AO,2022-01-24 00:19:02,-6.1349,12.3689,76.28,85,57,7.14
345,Amboasary,MG,2022-01-24 00:19:03,-25.0333,46.3833,76.84,83,99,17.96
346,Yumen,CN,2022-01-24 00:19:03,40.2833,97.2,16.52,55,3,2.06
347,Puerto Madero,MX,2022-01-24 00:19:03,14.7208,-92.4215,82.6,74,0,5.75
348,Teya,RU,2022-01-24 00:19:04,60.3778,92.6267,-3.48,100,99,2.8
349,Amarpatan,IN,2022-01-24 00:19:04,24.3167,80.9833,56.61,69,36,4.76
350,Kjollefjord,NO,2022-01-24 00:19:05,70.9457,27.3465,40.41,93,100,43.2
351,Moroni,KM,2022-01-24 00:19:05,-11.7022,43.2551,79.2,86,100,23.69
352,Barreirinha,BR,2022-01-24 00:19:06,-2.7933,-57.07,74.8,96,99,3.11
353,Show Low,US,2022-01-24 00:19:06,34.2542,-110.0298,47.91,46,0,11.5
354,Puerto El Triunfo,SV,2022-01-24 00:19:07,13.2833,-88.55,84.36,65,17,7.58
355,Skjervoy,NO,2022-01-24 00:19:07,70.0311,20.9714,42.13,87,100,40.78
356,Pacific Grove,US,2022-01-24 00:16:23,36.6177,-121.9166,67.24,46,0,1.99
357,Kongolo,CD,2022-01-24 00:19:08,-5.3833,27.0,68.63,95,100,0.22
358,Manokwari,ID,2022-01-24 00:20:08,-0.8667,134.0833,82.13,77,100,7.25
359,Lincoln,US,2022-01-24 00:18:02,40.8,-96.667,39.58,67,40,3.0
360,Vinh,VN,2022-01-24 00:20:09,18.6667,105.6667,67.6,95,10,2.86
361,Vanimo,PG,2022-01-24 00:20:10,-2.6741,141.3028,82.78,75,97,0.81
362,Fortuna,US,2022-01-24 00:20:10,40.5982,-124.1573,65.08,59,0,2.48
363,Haines Junction,CA,2022-01-24 00:20:10,60.7522,-137.5108,24.75,86,88,0.0
364,Farsund,NO,2022-01-24 00:20:11,58.0948,6.8047,43.95,100,96,16.17
365,Gewane,ET,2022-01-24 00:20:11,10.1664,40.6453,73.36,62,27,4.12
366,Teguldet,RU,2022-01-24 00:20:12,57.3064,88.1667,-9.22,100,100,2.35
367,Bardiyah,LY,2022-01-24 00:20:12,31.7561,25.0865,49.66,53,57,11.68
368,Voznesenye,RU,2022-01-24 00:20:13,61.0106,35.4781,17.69,89,96,11.95
369,Tezu,IN,2022-01-24 00:20:13,27.9167,96.1667,54.18,54,84,2.3
370,Conceicao Do Araguaia,BR,2022-01-24 00:20:14,-8.2578,-49.2647,74.95,89,16,1.28
371,Ostrovnoy,RU,2022-01-24 00:20:14,68.0531,39.5131,30.38,95,100,31.63
372,Oranjemund,NA,2022-01-24 00:20:15,-28.55,16.4333,74.62,66,88,5.14
373,Tupik,RU,2022-01-24 00:20:15,54.4253,119.9327,-18.96,99,14,1.66
374,Sangar,RU,2022-01-24 00:20:16,63.9242,127.4739,-24.18,98,100,5.08
375,Salalah,OM,2022-01-24 00:20:16,17.0151,54.0924,66.29,27,0,12.66
376,Orsha,BY,2022-01-24 00:20:17,54.5153,30.4053,-2.33,100,96,0.69
377,Candolim,IN,2022-01-24 00:20:17,15.5181,73.7626,72.03,62,100,7.9
378,Mitsamiouli,KM,2022-01-24 00:20:17,-11.3847,43.2844,81.03,80,100,26.57
379,Menongue,AO,2022-01-24 00:20:18,-14.6585,17.691,65.75,73,99,4.34
380,Sao Raimundo Nonato,BR,2022-01-24 00:20:18,-9.0153,-42.6994,73.0,73,84,2.48
381,Araioses,BR,2022-01-24 00:20:19,-2.89,-41.9031,84.18,74,40,18.41
382,Montijo,PT,2022-01-24 00:20:20,38.7067,-8.9739,52.54,75,0,11.5
383,Cairns,AU,2022-01-24 00:16:10,-16.9167,145.7667,89.11,70,100,4.61
384,Alzamay,RU,2022-01-24 00:20:20,55.5562,98.6644,6.1,98,100,1.39
385,Benalla,AU,2022-01-24 00:20:21,-36.55,145.9833,83.14,38,100,7.67
386,Xapuri,BR,2022-01-24 00:20:21,-10.6517,-68.5044,74.59,90,40,2.06
387,San Angelo,US,2022-01-24 00:20:22,31.4638,-100.437,53.98,50,75,1.01
388,Liverpool,GB,2022-01-24 00:20:22,53.4106,-2.9779,40.28,87,100,3.0
389,Port Macquarie,AU,2022-01-24 00:20:22,-31.4333,152.9167,75.88,62,76,8.1
390,Dvurechensk,RU,2022-01-24 00:20:23,56.5982,61.0953,-0.02,97,100,2.86
391,Wenling,CN,2022-01-24 00:20:23,28.3669,121.36,52.92,88,99,11.68
392,Tungor,RU,2022-01-24 00:20:24,53.3808,142.9564,-2.13,89,20,12.71
393,Husavik,IS,2022-01-24 00:20:24,66.0449,-17.3389,26.51,70,54,21.39
394,Hofn,IS,2022-01-24 00:20:25,64.2539,-15.2082,31.33,54,5,10.49
395,Duluth,US,2022-01-24 00:16:04,46.7833,-92.1066,7.07,56,100,5.01
396,Mount Gambier,AU,2022-01-24 00:17:40,-37.8333,140.7667,88.47,23,88,6.58
397,Myitkyina,MM,2022-01-24 00:20:26,25.3833,97.4,57.78,71,92,2.39
398,Kamenka,RU,2022-01-24 00:20:26,51.3223,42.7678,18.75,91,100,13.18
399,Port Moresby,PG,2022-01-24 00:20:27,-9.4431,147.1797,84.0,71,81,5.59
400,Ituango,CO,2022-01-24 00:20:27,7.1712,-75.764,64.18,99,98,2.21
401,Cayenne,GF,2022-01-24 00:20:28,4.9333,-52.3333,78.1,88,75,1.99
402,Nouadhibou,MR,2022-01-24 00:20:29,20.931,-17.0347,69.78,60,100,14.97
403,West Bay,KY,2022-01-24 00:20:29,19.3667,-81.4167,78.87,77,20,3.44
404,Galesong,ID,2022-01-24 00:20:30,-5.3166,119.3661,78.82,76,98,9.57
405,Spornoye,RU,2022-01-24 00:20:30,50.8448,37.2913,21.22,91,95,16.2
406,Maniwaki,CA,2022-01-24 00:21:31,46.3834,-75.966,-8.86,77,69,1.14
407,Santa Vitoria Do Palmar,BR,2022-01-24 00:17:53,-33.5189,-53.3681,73.36,95,73,4.79
408,Kopavogur,IS,2022-01-24 00:21:31,64.1123,-21.913,29.91,74,40,9.22
409,Saint Anthony,US,2022-01-24 00:21:32,45.0205,-93.218,7.25,69,100,4.0
410,Gold Coast,AU,2022-01-24 00:21:32,-28.0,153.4333,84.78,75,53,8.01
411,Bondo,CD,2022-01-24 00:21:33,3.8146,23.6866,70.0,48,7,1.34
412,Pauini,BR,2022-01-24 00:21:33,-7.7136,-66.9764,74.75,94,63,1.52
413,Tongchuan,CN,2022-01-24 00:21:33,35.0806,109.0897,30.36,92,99,2.44
414,Nurota,UZ,2022-01-24 00:21:34,40.5614,65.6886,26.69,75,1,3.89
415,Broome,US,2022-01-24 00:21:34,42.2506,-75.833,26.71,78,100,3.0
416,Kefamenanu,ID,2022-01-24 00:21:35,-9.4467,124.4781,77.74,79,100,5.5
417,Singleton,AU,2022-01-24 00:21:35,-32.5667,151.1833,82.98,67,93,5.01
418,Victor Harbor,AU,2022-01-24 00:21:36,-35.5667,138.6167,82.49,83,99,7.74
419,Talas,TR,2022-01-24 00:21:36,38.6908,35.5538,12.87,85,75,1.14
420,Sale,MA,2022-01-24 00:21:37,34.0389,-6.8166,58.64,93,28,0.0
421,Ahipara,NZ,2022-01-24 00:21:37,-35.1667,173.1667,71.49,70,100,12.41
422,Tazovskiy,RU,2022-01-24 00:21:38,67.4667,78.7,-9.27,100,100,6.2
423,Rocha,UY,2022-01-24 00:21:38,-34.4833,-54.3333,70.79,95,100,2.8
424,Baisha,CN,2022-01-24 00:21:38,26.5222,110.9311,41.13,95,100,2.46
425,Beatrice,US,2022-01-24 00:21:39,40.2681,-96.747,42.78,65,100,9.22
426,Bereda,ES,2022-01-24 00:21:39,43.2686,-7.5406,36.41,95,0,1.59
427,Maralal,KE,2022-01-24 00:21:40,1.0968,36.698,58.5,65,61,3.09
428,Cherskiy,RU,2022-01-24 00:21:40,68.75,161.3,-29.6,97,100,4.76
429,Sao Gabriel Da Cachoeira,BR,2022-01-24 00:21:41,-0.1303,-67.0892,74.1,98,64,2.39
430,Nioro,GM,2022-01-24 00:21:41,13.35,-15.75,77.25,18,49,1.05
431,Bosaso,SO,2022-01-24 00:21:42,11.2842,49.1816,70.81,74,36,2.37
432,San Cristobal,VE,2022-01-24 00:21:42,7.7669,-72.225,73.58,75,83,1.23
433,Ponta Delgada,PT,2022-01-24 00:21:42,37.7333,-25.6667,59.5,82,20,8.05
434,Synya,RU,2022-01-24 00:21:43,65.3718,58.0387,11.26,93,89,11.1
435,Timizart,DZ,2022-01-24 00:21:43,36.8,4.2667,44.22,66,13,6.51
436,Hualmay,PE,2022-01-24 00:21:44,-11.0964,-77.6139,72.52,82,68,8.59
437,Mocuba,MZ,2022-01-24 00:21:44,-16.8392,36.9856,72.75,99,100,7.65
438,Ixtapa,MX,2022-01-24 00:21:45,20.7,-105.2,76.23,83,100,13.8
439,Bhadasar,IN,2022-01-24 00:21:45,28.2833,74.3167,55.63,67,40,1.81
440,Gejiu,CN,2022-01-24 00:21:46,23.306,103.1635,39.49,81,1,1.77
441,Asfi,MA,2022-01-24 00:21:46,32.2994,-9.2372,60.75,91,98,8.72
442,New Iberia,US,2022-01-24 00:21:46,30.0035,-91.8187,50.05,52,0,6.91
443,Patea,NZ,2022-01-24 00:21:47,-39.7583,174.4833,71.67,58,100,4.9
444,Cockburn Town,TC,2022-01-24 00:17:58,21.4612,-71.1419,78.13,75,0,9.31
445,Narsaq,GL,2022-01-24 00:21:48,60.9167,-46.05,23.22,70,100,9.15
446,Chapais,CA,2022-01-24 00:17:46,49.7834,-74.8492,-15.02,100,98,3.02
447,Piacabucu,BR,2022-01-24 00:21:48,-10.4056,-36.4344,79.45,76,80,6.67
448,Tocache,PE,2022-01-24 00:17:10,-8.1842,-76.5125,72.32,97,62,1.43
449,Davila,PH,2022-01-24 00:21:49,18.4726,120.5763,76.98,78,20,13.49
450,Rawson,AR,2022-01-24 00:21:49,-43.3002,-65.1023,75.18,30,37,25.61
451,Dalby,AU,2022-01-24 00:21:50,-27.1833,151.2667,77.92,48,77,2.08
452,Kashiwazaki,JP,2022-01-24 00:21:50,37.3667,138.55,35.89,76,100,5.28
453,Rozhyshche,UA,2022-01-24 00:21:51,50.9154,25.2691,12.87,96,45,3.69
454,Manjacaze,MZ,2022-01-24 00:21:51,-24.7117,33.8828,71.58,89,62,8.95
455,Savannah Bight,HN,2022-01-24 00:21:52,16.45,-85.85,77.05,74,3,9.06
456,Ust-Koksa,RU,2022-01-24 00:22:52,50.2696,85.6108,-10.37,88,52,1.39
457,Nikolayevsk-Na-Amure,RU,2022-01-24 00:22:53,53.1406,140.73,-5.42,94,52,5.53
458,Sumbe,AO,2022-01-24 00:22:53,-11.2061,13.8437,75.51,79,63,4.81
459,Svarstad,NO,2022-01-24 00:22:53,59.399,9.9698,40.82,95,55,4.29
460,Culfa,AZ,2022-01-24 00:22:54,38.9558,45.6308,10.27,77,38,2.86
461,Santa Marinella,IT,2022-01-24 00:22:54,42.0345,11.8536,46.02,83,0,6.91
462,Paita,PE,2022-01-24 00:22:55,-5.0892,-81.1144,72.16,79,57,17.43
463,Prince Rupert,CA,2022-01-24 00:22:55,54.3161,-130.3201,44.69,92,100,3.44
464,Tweed,CA,2022-01-24 00:22:56,44.4751,-77.3162,9.59,92,10,4.05
465,Nyurba,RU,2022-01-24 00:22:56,63.2842,118.3319,-6.21,97,85,6.44
466,Jvari,GE,2022-01-24 00:22:57,42.7169,42.052,44.85,80,85,7.16
467,San Andres Del Rabanedo,ES,2022-01-24 00:22:57,42.6117,-5.6167,36.18,54,0,5.99
468,Bryan,US,2022-01-24 00:20:53,30.6744,-96.37,57.09,38,100,4.61
469,Pacsa,HU,2022-01-24 00:22:58,46.7198,17.014,33.19,80,100,5.75
470,Yulara,AU,2022-01-24 00:22:58,-25.2406,130.9889,82.24,42,0,9.22
471,Zyryanka,RU,2022-01-24 00:22:59,65.75,150.85,-23.31,98,100,5.3
472,Chulman,RU,2022-01-24 00:22:59,56.8479,124.9104,-20.7,100,100,0.56
473,Kabugao,PH,2022-01-24 00:23:00,18.0217,121.1842,73.2,95,49,0.25
474,Tura,IN,2022-01-24 00:23:00,25.5198,90.2201,55.83,69,57,4.27
475,Bodden Town,KY,2022-01-24 00:23:01,19.2833,-81.25,78.8,81,20,1.01
476,Gobabis,NA,2022-01-24 00:23:02,-22.45,18.9667,64.63,53,17,10.31
477,Valley Station,US,2022-01-24 00:23:02,38.1112,-85.8702,32.65,69,75,3.0
478,Hirara,JP,2022-01-24 00:23:03,24.8,125.2833,69.66,94,75,3.44
479,Kununurra,AU,2022-01-24 00:18:19,-15.7667,128.7333,82.38,89,75,4.61
480,Agirish,RU,2022-01-24 00:23:04,61.9247,63.0231,3.52,97,90,3.76
481,Sur,OM,2022-01-24 00:23:04,22.5667,59.5289,66.65,63,0,11.01
482,Rundu,NA,2022-01-24 00:23:05,-17.9333,19.7667,63.73,77,41,6.89
483,Kovdor,RU,2022-01-24 00:23:05,67.5662,30.4758,35.98,94,100,18.77
484,Zhangjiakou,CN,2022-01-24 00:19:23,40.81,114.8794,15.87,95,80,1.81
485,Punta Alta,AR,2022-01-24 00:23:06,-38.8759,-62.0736,79.5,36,0,6.42
486,Sandpoint,US,2022-01-24 00:23:07,48.2766,-116.5533,36.43,81,0,3.0
487,Coos Bay,US,2022-01-24 00:23:08,43.3665,-124.2179,61.0,78,0,9.22
488,Bonthe,SL,2022-01-24 00:23:08,7.5264,-12.505,77.7,80,22,4.09
489,Emerald,AU,2022-01-24 00:23:09,-23.5333,148.1667,82.35,56,99,12.88
490,Half Moon Bay,US,2022-01-24 00:23:09,37.4636,-122.4286,67.78,48,0,1.99
491,Gunnedah,AU,2022-01-24 00:23:10,-30.9833,150.25,80.22,47,68,3.89
492,Vostok,RU,2022-01-24 00:23:10,46.4856,135.8833,-6.54,96,80,2.8
493,Katsuura,JP,2022-01-24 00:23:11,35.1333,140.3,48.18,80,100,17.78
494,Bilibino,RU,2022-01-24 00:23:12,68.0546,166.4372,-28.03,96,100,4.25
495,Khatanga,RU,2022-01-24 00:23:13,71.9667,102.5,-23.39,100,100,5.06
496,Kalininsk,RU,2022-01-24 00:23:13,51.5,44.4758,16.18,90,100,12.28
497,Mufumbwe,ZM,2022-01-24 00:23:14,-13.6833,24.8,59.65,98,4,4.88
498,Aklavik,CA,2022-01-24 00:23:14,68.2191,-135.0107,2.23,94,99,7.65
499,Thinadhoo,MV,2022-01-24 00:23:15,0.5333,72.9333,81.1,73,56,13.22
500,Hargeysa,SO,2022-01-24 00:23:16,9.56,44.065,57.88,90,83,7.45
501,Zhangye,CN,2022-01-24 00:24:16,38.9342,100.4517,17.67,64,0,2.46
502,Gisborne,NZ,2022-01-24 00:24:17,-38.6533,178.0042,69.94,77,100,6.22
503,Presidente Medici,BR,2022-01-24 00:24:17,-11.1753,-61.9014,74.53,95,81,1.72
504,Reconquista,AR,2022-01-24 00:24:18,-29.15,-59.65,92.53,41,77,10.69
505,Santarem,BR,2022-01-24 00:24:18,-2.4431,-54.7083,77.13,88,75,5.75
506,Walvis Bay,NA,2022-01-24 00:24:19,-22.9575,14.5053,77.95,69,66,4.61
507,Vengerovo,RU,2022-01-24 00:24:19,55.6848,76.7471,-6.29,100,96,4.79
508,Waddan,LY,2022-01-24 00:24:20,29.1614,16.139,47.79,65,5,3.67
509,Touros,BR,2022-01-24 00:24:20,-5.1989,-35.4608,81.5,75,6,11.34
510,Portales,US,2022-01-24 00:21:46,34.1862,-103.3344,50.99,33,6,5.73
511,Ulsteinvik,NO,2022-01-24 00:23:09,62.3432,5.8487,46.53,88,98,13.0
512,Gao,ML,2022-01-24 00:24:21,16.6362,1.637,63.27,17,12,11.18
513,Ornskoldsvik,SE,2022-01-24 00:24:22,63.2909,18.7153,27.55,100,76,6.91
514,Pitangueiras,BR,2022-01-24 00:24:22,-21.0094,-48.2217,77.52,87,75,2.01
515,Shimoda,JP,2022-01-24 00:24:22,34.6667,138.95,48.56,71,100,17.38
516,Isangel,VU,2022-01-24 00:24:23,-19.55,169.2667,86.11,84,40,4.61
517,Lata,PT,2022-01-24 00:24:23,40.1629,-8.3327,42.06,82,0,3.69
518,Discovery Bay,US,2022-01-24 00:20:04,37.9085,-121.6002,67.05,54,0,0.0
519,Mayo,US,2022-01-24 00:24:24,38.8876,-76.5119,36.27,69,75,4.0
520,Champasak,LA,2022-01-24 00:24:25,14.75,106.0,70.68,77,7,0.89
521,Taulov,DK,2022-01-24 00:24:25,55.5458,9.6155,43.57,91,74,10.31
522,Laiwu,CN,2022-01-24 00:24:25,36.1928,117.6569,27.01,59,99,5.28
523,Semey,KZ,2022-01-24 00:24:26,50.4111,80.2275,-11.97,100,77,0.63
524,Linxia,CN,2022-01-24 00:24:26,35.6003,103.2064,24.4,52,89,1.9
525,Buala,SB,2022-01-24 00:22:01,-8.145,159.5921,86.79,66,95,7.11
526,Henties Bay,NA,2022-01-24 00:24:27,-22.116,14.2845,80.46,58,39,1.99
527,Jadu,LY,2022-01-24 00:24:28,31.953,12.0261,41.07,85,43,3.67
528,Pundaguitan,PH,2022-01-24 00:24:28,6.3711,126.1689,79.56,82,100,3.85
529,Khani,GE,2022-01-24 00:24:29,41.9563,42.9566,40.57,75,93,8.68
530,Coihaique,CL,2022-01-24 00:24:29,-45.5752,-72.0662,55.35,58,75,9.22
531,Sabang,ID,2022-01-24 00:24:30,5.8933,95.3214,79.2,76,79,4.83
532,Hovd,MN,2022-01-24 00:24:30,48.0056,91.6419,-4.67,73,8,5.35
533,Tateyama,JP,2022-01-24 00:24:31,34.9833,139.8667,48.47,64,100,18.1
534,Sorong,ID,2022-01-24 00:24:31,-0.8833,131.25,81.54,76,99,5.37
535,Peniche,PT,2022-01-24 00:24:31,39.3558,-9.3811,51.46,75,13,8.01
536,Sterling,US,2022-01-24 00:20:39,39.0062,-77.4286,36.23,60,100,0.0
537,Nazarovo,RU,2022-01-24 00:24:32,56.0064,90.3914,-7.13,100,96,2.15
538,Nouakchott,MR,2022-01-24 00:24:33,18.0858,-15.9785,76.93,26,99,10.89
539,Broken Hill,AU,2022-01-24 00:24:33,-31.95,141.4333,80.31,41,75,14.97
540,Tucuman,AR,2022-01-24 00:24:34,-26.8241,-65.2226,69.8,94,75,5.75
541,Maroua,CM,2022-01-24 00:24:34,10.591,14.3159,67.69,20,0,7.99
542,Shellbrook,CA,2022-01-24 00:24:35,53.2168,-106.4011,9.63,92,100,9.35
543,Izhma,RU,2022-01-24 00:24:35,65.0083,53.9113,9.54,93,93,10.42
544,Simao,CN,2022-01-24 00:24:35,22.7886,100.9748,44.42,83,2,1.07
545,Sindor,RU,2022-01-24 00:20:06,62.8629,51.8905,6.48,97,95,6.04
546,Merauke,ID,2022-01-24 00:24:36,-8.4667,140.3333,83.62,74,97,8.9
547,Heihe,CN,2022-01-24 00:25:37,50.2441,127.4902,-3.42,95,5,2.42
548,Pozo Colorado,PY,2022-01-24 00:25:37,-23.4923,-58.7972,89.11,32,2,4.36
549,Yazd,IR,2022-01-24 00:25:38,31.8972,54.3675,33.91,27,0,4.61
550,Nueva Gerona,CU,2022-01-24 00:25:38,21.8833,-82.8,72.61,75,29,15.55
551,Kaniama,CD,2022-01-24 00:25:39,-7.5667,24.1833,63.81,96,96,2.66
552,Port Hedland,AU,2022-01-24 00:25:39,-20.3167,118.5667,89.65,70,78,4.61
553,Tomatlan,MX,2022-01-24 00:25:39,19.9333,-105.25,81.09,50,80,5.93
554,Faya,SA,2022-01-24 00:25:40,18.3851,42.4509,50.11,55,42,3.4
555,Paamiut,GL,2022-01-24 00:25:40,61.994,-49.6678,23.13,74,100,13.49
556,Shuangyang,CN,2022-01-24 00:25:41,43.5242,125.6736,-4.04,83,94,3.02
557,Kuytun,RU,2022-01-24 00:25:41,54.3419,101.5036,4.37,97,100,4.0
558,Waingapu,ID,2022-01-24 00:25:42,-9.6567,120.2641,81.45,76,93,12.15
559,Illapel,CL,2022-01-24 00:25:42,-31.6308,-71.1653,69.01,61,0,5.17
560,Kisangani,CD,2022-01-24 00:25:43,0.5167,25.2,72.59,82,99,2.77
561,Isparta,TR,2022-01-24 00:25:43,38.0,31.0,12.96,87,100,11.07
562,Bubaque,GW,2022-01-24 00:25:44,11.2833,-15.8333,79.14,77,16,10.09
563,Turka,UA,2022-01-24 00:25:44,49.1541,23.0297,12.25,99,99,1.81
564,Okmulgee,US,2022-01-24 00:25:45,35.6234,-95.9605,55.29,49,0,0.0
565,Pahrump,US,2022-01-24 00:25:45,36.2083,-115.9839,64.45,17,0,1.99
566,Markova,UA,2022-01-24 00:25:46,48.6758,24.4138,10.35,98,100,2.73
567,Inuvik,CA,2022-01-24 00:21:21,68.3499,-133.7218,2.16,78,75,3.44
568,Praia,CV,2022-01-24 00:25:46,14.9215,-23.5087,73.94,78,75,14.97
569,Benidorm,ES,2022-01-24 00:25:47,38.5382,-0.131,50.0,69,38,9.57
570,Havoysund,NO,2022-01-24 00:25:47,70.9963,24.6622,43.68,83,100,41.81
571,Grindavik,IS,2022-01-24 00:25:48,63.8424,-22.4338,30.15,93,75,4.61
572,Kralendijk,BQ,2022-01-24 00:25:48,12.15,-68.2667,78.78,73,0,12.66
573,Palafrugell,ES,2022-01-24 00:25:48,41.9174,3.1631,39.34,85,3,3.6
574,Dubrovnik,HR,2022-01-24 00:25:49,42.6481,18.0922,35.24,37,0,5.75
575,Kerema,PG,2022-01-24 00:25:49,-7.9631,145.7785,84.56,65,93,2.3
576,Quatre Cocos,MU,2022-01-24 00:25:50,-20.2078,57.7625,78.91,79,55,8.39
577,Hoa Binh,VN,2022-01-24 00:25:50,20.8133,105.3383,67.89,89,85,1.01
578,Goderich,CA,2022-01-24 00:23:30,43.7501,-81.7165,12.9,72,87,6.91
579,Chittur,IN,2022-01-24 00:25:51,10.7,76.75,71.15,91,10,1.86
580,Doctor Arroyo,MX,2022-01-24 00:25:52,23.6667,-100.1833,58.15,63,20,13.35
581,Kamiiso,JP,2022-01-24 00:25:52,41.8167,140.65,30.58,64,40,8.05
582,Atocha,BO,2022-01-24 00:25:53,-20.9333,-66.2333,45.91,89,91,9.24
583,High Level,CA,2022-01-24 00:25:53,58.5169,-117.136,6.91,85,100,3.44
584,Kurumkan,RU,2022-01-24 00:25:54,54.3,110.3,-1.28,91,97,2.3
585,Westport,US,2022-01-24 00:25:54,41.1415,-73.3579,35.58,64,100,5.99
586,Nianzishan,CN,2022-01-24 00:25:55,47.5167,122.8833,2.91,92,100,1.05
587,Kilindoni,TZ,2022-01-24 00:25:55,-7.9139,39.6668,79.59,82,100,15.19
588,Dunda,TZ,2022-01-24 00:25:55,-8.1167,34.25,65.19,95,100,2.33
589,Ambulu,ID,2022-01-24 00:25:56,-8.345,113.6058,79.48,84,91,4.03
590,Sidi Ali,DZ,2022-01-24 00:25:56,36.0998,0.4206,46.42,79,29,4.68
591,Balgazyn,RU,2022-01-24 00:25:57,51.0,95.2,-16.83,99,38,1.81
592,Urusha,RU,2022-01-24 00:25:57,54.05,122.9,-15.54,97,5,2.68
593,Belyy Yar,RU,2022-01-24 00:25:58,53.6039,91.3903,-10.14,83,75,0.0
594,Ihtiman,BG,2022-01-24 00:26:58,42.4333,23.8167,21.81,85,99,1.01
595,Togur,RU,2022-01-24 00:26:59,58.3631,82.8265,-12.89,100,100,2.24
596,Gazli,UZ,2022-01-24 00:26:59,40.1333,63.45,31.23,78,0,9.4
597,North Bend,US,2022-01-24 00:27:00,43.4065,-124.2243,59.92,77,0,9.22
598,Elbistan,TR,2022-01-24 00:27:00,38.2059,37.1983,11.73,92,57,1.19
599,Waycross,US,2022-01-24 00:27:01,31.2136,-82.354,42.67,85,0,0.0
600,Derzhavinsk,KZ,2022-01-24 00:27:01,51.1,66.3167,-4.99,91,87,7.74
601,Atyra,PY,2022-01-24 00:27:02,-25.25,-57.1667,93.72,27,79,0.69
602,Wewak,PG,2022-01-24 00:27:02,-3.5534,143.6268,80.98,82,100,3.76
603,Selikhino,RU,2022-01-24 00:27:03,50.3672,137.4996,-9.63,97,98,6.89
604,Ishimbay,RU,2022-01-24 00:27:03,53.4545,56.0415,2.44,98,100,2.04
605,Paratinga,BR,2022-01-24 00:27:04,-12.6906,-43.1842,73.78,78,79,1.97
606,Puerto Del Rosario,ES,2022-01-24 00:27:04,28.5004,-13.8627,64.08,82,90,5.75
607,Pareora,NZ,2022-01-24 00:27:05,-44.4871,171.2132,60.19,97,100,7.58
608,Olafsvik,IS,2022-01-24 00:27:05,64.8945,-23.7142,28.06,62,100,13.44
609,Zeya,RU,2022-01-24 00:26:32,53.75,127.2667,-9.54,97,5,1.83
610,Valera,VE,2022-01-24 00:27:06,9.3178,-70.6036,72.68,91,81,2.48
611,Neyshabur,IR,2022-01-24 00:27:07,36.2133,58.7958,33.06,30,0,1.12
612,Gravdal,NO,2022-01-24 00:27:07,68.1214,13.5031,39.06,85,100,38.52
613,Betafo,MG,2022-01-24 00:27:08,-19.8333,46.85,64.08,84,100,16.31
614,Motozintla,MX,2022-01-24 00:27:08,15.3667,-92.2333,66.29,78,62,3.67
615,Asau,RO,2022-01-24 00:27:09,46.4333,26.4,22.95,87,88,6.91
616,Mahajanga,MG,2022-01-24 00:25:35,-15.7167,46.3167,73.42,94,75,11.5
617,Inhambane,MZ,2022-01-24 00:27:10,-23.865,35.3833,76.53,85,97,18.25
618,Stanford,US,2022-01-24 00:25:34,37.4241,-122.1661,67.26,46,0,3.0
619,Karratha,AU,2022-01-24 00:27:11,-20.7377,116.8463,85.01,68,40,5.93
620,Tabriz,IR,2022-01-24 00:22:14,38.08,46.2919,11.66,67,0,9.22
621,Bireun,ID,2022-01-24 00:27:12,5.203,96.7009,75.56,84,89,2.37
622,Beringovskiy,RU,2022-01-24 00:26:54,63.05,179.3167,-19.52,96,54,5.08
623,Mao,ES,2022-01-24 00:25:48,39.8885,4.2658,43.36,93,20,4.61
624,Masumbwe,TZ,2022-01-24 00:27:13,-3.6333,32.1833,63.39,95,95,3.4
625,Talant,FR,2022-01-24 00:27:13,47.3369,5.0089,32.41,100,100,4.61
626,Stephenville,US,2022-01-24 00:27:14,32.2207,-98.2023,59.09,48,0,4.61
627,Teahupoo,PF,2022-01-24 00:27:14,-17.8333,-149.2667,80.56,78,97,14.79
628,Pak Phanang,TH,2022-01-24 00:27:15,8.3511,100.202,75.22,86,12,1.05
629,Qingdao,CN,2022-01-24 00:27:15,36.0986,120.3719,29.8,74,64,11.18
630,Sao Felix Do Xingu,BR,2022-01-24 00:27:16,-6.6447,-51.995,73.96,95,96,2.73
631,Xiamen,CN,2022-01-24 00:27:16,24.4798,118.0819,60.85,94,100,6.71
632,Hambantota,LK,2022-01-24 00:26:31,6.1241,81.1185,71.94,100,20,4.61
633,Treviso,IT,2022-01-24 00:27:17,45.6667,12.245,39.24,86,75,4.61
634,Uyskoye,RU,2022-01-24 00:27:17,54.3775,60.0047,-8.46,100,99,2.37
635,Hervey Bay,AU,2022-01-24 00:27:18,-25.2986,152.8535,83.01,64,90,4.0
636,Kulhudhuffushi,MV,2022-01-24 00:27:18,6.6221,73.07,80.26,64,98,9.15
637,Titiribi,CO,2022-01-24 00:28:19,6.0628,-75.7937,70.57,81,98,0.72
638,Kendari,ID,2022-01-24 00:28:19,-3.945,122.4989,80.94,77,93,3.31
639,Xichang,CN,2022-01-24 00:28:20,27.8964,102.2634,42.04,91,88,0.69
640,Mahanoro,MG,2022-01-24 00:28:20,-19.9,48.8,76.84,89,98,7.34
641,Belaya Gora,RU,2022-01-24 00:28:21,68.5333,146.4167,-33.21,100,100,4.36
642,Sept-Iles,CA,2022-01-24 00:28:21,50.2001,-66.3821,7.32,86,75,0.0
643,Odweyne,SO,2022-01-24 00:28:22,9.4092,45.064,63.68,43,69,5.97
644,Disna,BY,2022-01-24 00:28:22,55.568,28.1971,9.23,95,60,5.39
645,Marevo,RU,2022-01-24 00:28:23,57.3146,32.0804,9.23,94,28,6.02
646,Nenjiang,CN,2022-01-24 00:28:23,49.1833,125.2167,-16.31,100,70,0.83
647,Datong,CN,2022-01-24 00:28:23,40.0936,113.2914,18.59,90,71,1.61
648,Tchamba,TG,2022-01-24 00:28:24,9.0333,1.4167,79.03,17,1,6.82
649,Zhezkazgan,KZ,2022-01-24 00:28:24,47.8043,67.7144,17.58,86,100,8.95
650,Sisimiut,GL,2022-01-24 00:28:25,66.9395,-53.6735,15.04,71,100,17.65
651,Klaksvik,FO,2022-01-24 00:27:51,62.2266,-6.589,40.12,62,98,26.93
652,Worland,US,2022-01-24 00:24:36,44.0169,-107.9554,42.15,70,0,3.0
653,Brewster,US,2022-01-24 00:28:26,41.3973,-73.6171,33.3,84,100,5.75
654,Mbandaka,CD,2022-01-24 00:25:22,0.0487,18.2603,75.09,57,93,1.7
655,Batagay,RU,2022-01-24 00:28:26,67.6333,134.6333,-19.41,97,100,3.74
656,Cam Ranh,VN,2022-01-24 00:28:27,11.9214,109.1591,73.36,88,0,3.44
657,Mayumba,GA,2022-01-24 00:28:27,-3.432,10.6554,75.94,90,45,4.0
658,Tianpeng,CN,2022-01-24 00:28:28,30.9866,103.9393,45.07,88,76,2.53
659,Chara,RU,2022-01-24 00:28:28,56.9064,118.2631,-13.7,75,11,1.48
660,Arcata,US,2022-01-24 00:25:41,40.8665,-124.0828,65.35,51,0,4.61
661,Grand Gaube,MU,2022-01-24 00:28:29,-20.0064,57.6608,79.2,84,58,3.0
662,Pyshma,RU,2022-01-24 00:28:29,56.9523,63.2513,5.65,92,100,5.26
663,Maicao,CO,2022-01-24 00:28:30,11.3832,-72.2432,76.95,65,39,7.87
664,Oyotun,PE,2022-01-24 00:28:30,-6.8519,-79.3036,80.15,63,64,6.53
665,Eydhafushi,MV,2022-01-24 00:28:31,5.1033,73.0708,81.01,62,99,11.18
666,Papara,BR,2022-01-24 00:28:31,-3.9839,-38.7273,80.69,82,0,3.36
667,Eustis,US,2022-01-24 00:28:32,28.8528,-81.6853,48.25,74,0,9.22
668,Mitu,CO,2022-01-24 00:28:32,1.1983,-70.1733,73.62,97,88,1.48
669,Miyako,JP,2022-01-24 00:28:33,39.6367,141.9525,36.57,56,41,12.1
670,Matagami,CA,2022-01-24 00:28:33,49.7502,-77.6328,-14.69,76,0,6.91
671,Sinjar,IQ,2022-01-24 00:28:34,36.3209,41.8754,37.11,67,98,10.83
672,Khuzhir,RU,2022-01-24 00:28:34,53.1939,107.3397,12.78,91,100,2.66
673,Skerries,IE,2022-01-24 00:28:35,53.5828,-6.1083,45.68,81,98,5.95
674,Listvyanka,RU,2022-01-24 00:28:36,51.8535,104.8693,-6.3,92,100,4.65
675,Kushmurun,KZ,2022-01-24 00:28:37,52.4503,64.6311,-8.82,98,43,5.37
676,Papillion,US,2022-01-24 00:28:37,41.1544,-96.0422,32.61,72,100,5.01
677,Schoningen,DE,2022-01-24 00:28:37,52.138,10.9675,44.55,91,100,3.58
678,Evensk,RU,2022-01-24 00:28:38,61.95,159.2333,-15.7,80,69,7.0
679,Yaan,NG,2022-01-24 00:26:29,7.3833,8.5667,78.75,16,2,6.93
680,Caxito,AO,2022-01-24 00:28:39,-8.5785,13.6643,70.83,87,30,3.56
681,Mount Isa,AU,2022-01-24 00:28:39,-20.7333,139.5,78.57,94,100,10.36
682,Bucerias,MX,2022-01-24 00:28:40,20.75,-105.3333,76.98,83,100,13.8
683,Maceio,BR,2022-01-24 00:28:40,-9.6658,-35.7353,78.24,83,20,6.91
684,Qitaihe,CN,2022-01-24 00:28:40,45.8,130.85,-4.05,94,16,1.92
685,Teguise,ES,2022-01-24 00:29:41,29.0605,-13.564,61.02,82,20,9.22
686,Handan,CN,2022-01-24 00:29:41,36.6006,114.4678,29.62,86,99,3.24
687,Cilegon,ID,2022-01-24 00:29:42,-6.0174,106.0538,78.69,81,52,7.99
688,Houma,US,2022-01-24 00:29:42,29.5958,-90.7195,48.99,49,0,0.0
689,Nizhniy Tsasuchey,RU,2022-01-24 00:29:43,50.5167,115.1333,-2.83,99,100,2.24
690,Teluknaga,ID,2022-01-24 00:29:43,-6.0989,106.6381,85.17,94,20,8.99
691,Talcahuano,CL,2022-01-24 00:29:02,-36.7167,-73.1167,60.53,82,0,13.87
692,Dieppe,FR,2022-01-24 00:29:44,49.75,1.1667,37.02,89,9,5.41
693,Wattegama,LK,2022-01-24 00:29:44,6.7989,81.4808,70.72,91,100,2.15
694,Nyimba,ZM,2022-01-24 00:29:45,-14.5566,30.8149,65.07,94,96,1.86
695,Filadelfia,US,2022-01-24 00:29:45,39.9523,-75.1638,36.01,62,100,3.0
696,Wasilla,US,2022-01-24 00:29:46,61.5814,-149.4394,42.89,62,100,5.75
697,Charters Towers,AU,2022-01-24 00:29:46,-20.1,146.2667,84.24,51,87,10.33
698,Darnah,LY,2022-01-24 00:29:47,32.767,22.6367,50.13,56,88,14.52
699,Fatehpur,IN,2022-01-24 00:29:47,25.9333,80.8,55.31,88,63,6.55
700,Recodo,PH,2022-01-24 00:29:48,6.9519,121.9636,82.42,83,20,1.14
701,Berdigestyakh,RU,2022-01-24 00:29:48,62.0989,126.6992,-18.33,100,100,3.56
702,Baruun-Urt,MN,2022-01-24 00:29:49,46.6806,113.2792,0.19,99,97,2.75
703,Karachi,PK,2022-01-24 00:27:41,24.9056,67.0822,48.02,61,0,4.61
704,Tahta,EG,2022-01-24 00:29:50,26.7693,31.5021,49.44,56,3,6.98
705,Loandjili,CG,2022-01-24 00:29:51,-4.7561,11.8578,75.31,94,40,2.3
706,Deer Lake,CA,2022-01-24 00:29:51,49.1667,-57.4316,22.86,74,100,3.44
707,Palmerston,AU,2022-01-24 00:29:52,-12.486,130.9833,85.93,82,75,5.75
708,Kanniyakumari,IN,2022-01-24 00:29:53,8.0833,77.5667,75.51,79,100,10.31
709,Vagur,FO,2022-01-24 00:29:53,61.4732,-6.8119,42.84,63,100,26.82
710,Mahon,ES,2022-01-24 00:29:54,39.8885,4.2658,43.36,93,20,4.61
711,Berlevag,NO,2022-01-24 00:29:54,70.8578,29.0864,42.33,78,100,44.83
712,Ossora,RU,2022-01-24 00:29:55,59.2353,163.0719,-13.85,83,6,3.78
713,Dubai,AE,2022-01-24 00:29:35,25.2582,55.3047,66.22,63,0,4.61
714,Alyangula,AU,2022-01-24 00:29:56,-13.8483,136.4192,80.47,100,40,4.61
715,Lamar,US,2022-01-24 00:29:56,33.6668,-95.5836,57.11,33,0,4.61
716,Vao,NC,2022-01-24 00:29:57,-22.6667,167.4833,76.95,68,8,9.48
717,Booue,GA,2022-01-24 00:29:58,-0.0921,11.9385,77.77,72,96,3.56
718,Basse,DE,2022-01-24 00:29:58,52.5518,9.5069,44.6,97,75,2.3
719,Jiblah,YE,2022-01-24 00:29:59,13.9216,44.1467,55.85,77,1,0.58
720,Oktyabrskoye,RU,2022-01-24 00:29:59,43.0645,44.7417,28.54,86,46,2.24
721,Khash,IR,2022-01-24 00:30:00,28.2211,61.2158,38.16,28,0,2.95
722,Djambala,CG,2022-01-24 00:30:01,-2.5447,14.7533,71.33,79,56,2.17
723,Balancan,MX,2022-01-24 00:30:02,17.8,-91.5333,70.11,95,22,4.59
724,Lahaina,US,2022-01-24 00:27:13,20.8783,-156.6825,82.96,80,1,6.82
725,Lensk,RU,2022-01-24 00:30:03,60.7253,114.9278,-10.17,100,100,3.85
726,Melfi,IT,2022-01-24 00:30:04,40.9965,15.6514,41.49,92,100,11.05
727,Coahuayana,MX,2022-01-24 00:30:05,18.7333,-103.6833,81.88,72,68,2.68
728,Staryy Nadym,RU,2022-01-24 00:30:06,65.6118,72.6842,-7.82,100,82,6.82
729,Alliance,US,2022-01-24 00:26:14,40.9153,-81.1059,24.42,90,100,10.85
730,Huilong,CN,2022-01-24 00:30:07,31.8111,121.655,45.03,82,100,12.3
731,Makat,KZ,2022-01-24 00:30:08,47.6469,53.3463,17.96,84,100,14.07
732,Saint-Pierre,RE,2022-01-24 00:29:37,-21.3393,55.4781,78.44,73,0,3.44
733,Samus,RU,2022-01-24 00:30:09,56.7475,84.6992,-8.77,100,100,1.32
734,Urucara,BR,2022-01-24 00:31:10,-2.5364,-57.76,74.25,97,100,1.88
735,Roma,US,2022-01-24 00:31:11,43.2128,-75.4557,22.12,84,100,4.61
736,Glasgow,GB,2022-01-24 00:31:11,55.8652,-4.2576,45.16,84,100,18.41
737,Alta Floresta,BR,2022-01-24 00:27:07,-9.8756,-56.0861,72.57,95,54,2.24
738,General Roca,AR,2022-01-24 00:31:12,-39.0333,-67.5833,77.4,34,0,18.77
739,Bonavista,CA,2022-01-24 00:31:12,48.6499,-53.1147,27.12,77,85,16.89
740,Ulaangom,MN,2022-01-24 00:31:13,49.9811,92.0667,-14.75,81,88,4.32
741,Conakry,GN,2022-01-24 00:27:08,9.538,-13.6773,82.47,69,41,2.3
742,Colomi,BO,2022-01-24 00:31:13,-17.35,-65.8667,55.42,89,100,4.83
743,Grants,US,2022-01-24 00:31:14,35.1473,-107.8514,44.83,33,0,10.36
744,Soligalich,RU,2022-01-24 00:31:14,59.0778,42.2864,1.81,99,96,4.85
745,Komsomolskiy,UZ,2022-01-24 00:31:15,40.4272,71.7189,35.02,86,75,2.3
746,Berbera,SO,2022-01-24 00:31:15,10.4396,45.0143,73.98,77,67,2.33
747,Ust-Nera,RU,2022-01-24 00:31:16,64.5667,143.2,-26.9,99,99,3.15
748,Shache,CN,2022-01-24 00:31:16,38.4167,77.2406,29.71,50,98,1.77
749,Patacamaya,BO,2022-01-24 00:31:17,-17.2333,-67.9167,48.29,83,100,7.9
750,Caravelas,BR,2022-01-24 00:31:17,-17.7125,-39.2481,75.54,84,18,4.34
751,San Antonio,US,2022-01-24 00:28:19,29.4241,-98.4936,56.41,47,100,0.0
752,Chinsali,ZM,2022-01-24 00:31:18,-10.5414,32.0816,59.22,97,100,2.66
753,Rioja,AR,2022-01-24 00:31:15,-29.4111,-66.8507,73.13,87,100,1.63
754,Nyuksenitsa,RU,2022-01-24 00:31:19,60.4128,44.2397,5.74,95,89,7.36
755,Warrington,GB,2022-01-24 00:30:06,53.3925,-2.5802,40.44,87,100,1.01
756,Pangnirtung,CA,2022-01-24 00:31:20,66.1451,-65.7125,-4.07,79,99,5.61
757,Sinnamary,GF,2022-01-24 00:31:21,5.3833,-52.95,75.67,89,42,7.56
758,Tottori,JP,2022-01-24 00:27:26,35.5,134.2333,44.67,57,75,23.02
759,Yoichi,JP,2022-01-24 00:31:21,43.2039,140.7703,30.61,73,100,12.71
760,Rorvik,NO,2022-01-24 00:31:22,64.8621,11.2373,45.88,83,100,49.57
761,Carutapera,BR,2022-01-24 00:31:22,-1.195,-46.02,76.6,92,100,5.91
762,Icod De Los Vinos,ES,2022-01-24 00:31:23,28.3724,-16.7119,63.95,75,91,0.69
763,Ilheus,BR,2022-01-24 00:31:13,-14.7889,-39.0494,78.62,83,20,5.75
764,Guangyuan,CN,2022-01-24 00:31:24,32.442,105.823,39.49,82,48,3.8
765,Ust-Kuyga,RU,2022-01-24 00:31:25,70.0167,135.6,-14.57,99,100,5.95
766,Flin Flon,CA,2022-01-24 00:31:25,54.7682,-101.865,-5.96,65,0,8.05
767,Lerik,AZ,2022-01-24 00:31:26,38.7726,48.4128,25.52,53,0,11.32
768,Yantal,RU,2022-01-24 00:31:27,56.8471,105.2542,-14.85,100,100,1.97
769,Obidos,BR,2022-01-24 00:31:28,-1.9175,-55.5181,74.26,94,100,1.88
770,Douglas,US,2022-01-24 00:30:54,41.3,-96.167,30.07,70,100,4.0
771,Jumla,NP,2022-01-24 00:31:28,29.2747,82.1838,30.42,92,100,4.41
772,Misratah,LY,2022-01-24 00:31:29,32.3754,15.0925,53.67,67,100,2.21
773,Sulangan,PH,2022-01-24 00:31:30,11.1373,123.7228,79.36,85,66,17.54
774,Katiola,CI,2022-01-24 00:31:31,8.1333,-5.1,71.15,17,61,2.68
775,Iqaluit,CA,2022-01-24 00:27:18,63.7506,-68.5145,-7.87,71,100,0.0
776,Sibolga,ID,2022-01-24 00:31:32,1.7427,98.7792,77.04,85,95,1.97
777,Grand-Santi,GF,2022-01-24 00:31:32,4.25,-54.3833,71.76,99,100,2.35
778,Antipino,RU,2022-01-24 00:32:33,57.1068,65.7576,3.54,87,100,5.08
779,Ambovombe,MG,2022-01-24 00:30:04,-25.1667,46.0833,73.72,82,82,22.59
780,Ust-Maya,RU,2022-01-24 00:32:34,60.4167,134.5333,-17.16,99,100,1.07
781,Gawler,AU,2022-01-24 00:32:34,-34.6,138.7333,84.22,58,85,14.74
782,Sao Jose Da Coroa Grande,BR,2022-01-24 00:32:35,-8.8978,-35.1478,79.0,74,30,6.64
783,Slave Lake,CA,2022-01-24 00:32:36,55.2834,-114.769,35.58,93,100,17.27
784,Indija,IN,2022-01-24 00:32:36,20.0,77.0,54.59,54,0,7.72
785,Bure,ET,2022-01-24 00:32:37,10.7,37.0667,55.78,57,61,3.18
786,Conde,BR,2022-01-24 00:32:37,-7.2597,-34.9075,78.26,83,0,5.75
787,Tombouctou,ML,2022-01-24 00:32:38,20.0,-3.0,59.97,12,1,11.83
788,Kikwit,CD,2022-01-24 00:32:38,-5.041,18.8162,70.52,86,33,2.93
789,Tsiroanomandidy,MG,2022-01-24 00:28:07,-18.7667,46.0333,70.57,79,100,9.91
790,Jaswantnagar,IN,2022-01-24 00:32:39,26.8786,78.9028,50.14,94,0,7.14
791,Mansa,IN,2022-01-24 00:32:40,29.9833,75.3833,46.35,94,4,3.69
792,Awbari,LY,2022-01-24 00:32:40,26.5921,12.7805,46.87,51,0,5.28
793,Along,IN,2022-01-24 00:32:41,28.1667,94.7667,50.22,85,100,1.88
794,Olavarria,AR,2022-01-24 00:32:42,-36.8927,-60.3225,70.86,62,2,4.05
795,Baracoa,CU,2022-01-24 00:32:42,20.3467,-74.4958,73.83,86,18,2.66
796,Juegang,CN,2022-01-24 00:32:43,32.3174,121.1855,42.91,79,100,12.08
797,Kontagora,NG,2022-01-24 00:32:43,10.3999,5.4695,71.29,17,0,6.6
798,San Juan,AR,2022-01-24 00:28:06,-31.5375,-68.5364,87.91,30,46,10.45
799,Morondava,MG,2022-01-24 00:28:05,-20.2833,44.2833,84.52,59,100,15.12
800,Springfield,US,2022-01-24 00:29:12,37.2153,-93.2982,40.05,61,0,5.01
801,Kathmandu,NP,2022-01-24 00:32:41,27.7167,85.3167,44.82,93,40,3.44
802,Lunino,RU,2022-01-24 00:32:46,53.5918,45.2271,23.92,96,100,5.21
803,Santa Maria,BR,2022-01-24 00:31:03,-29.6842,-53.8069,76.3,94,75,8.05
804,Verkhoyansk,RU,2022-01-24 00:32:47,67.5447,133.385,-15.47,99,100,1.88
805,Bukama,CD,2022-01-24 00:32:48,-9.2,25.85,67.69,95,100,1.12
806,Dire Dawa,ET,2022-01-24 00:32:48,9.5931,41.8661,63.63,72,65,1.83
807,Cornwall,CA,2022-01-24 00:32:49,45.0181,-74.7281,6.76,71,0,3.44
808,Megion,RU,2022-01-24 00:32:10,61.0296,76.1136,0.01,100,85,3.02
809,Veraval,IN,2022-01-24 00:32:50,20.9,70.3667,59.52,50,0,10.76
810,Chaoyang,CN,2022-01-24 00:32:51,41.5703,120.4586,17.01,65,100,2.28
811,Baykit,RU,2022-01-24 00:32:51,61.67,96.37,-1.75,99,100,1.12
812,Mizdah,LY,2022-01-24 00:32:52,31.4451,12.9801,46.81,69,100,7.58
813,Shubarshi,KZ,2022-01-24 00:32:52,48.5872,57.1869,-2.9,92,8,7.0
814,Oriximina,BR,2022-01-24 00:32:52,-1.7656,-55.8661,75.25,95,100,0.45
815,Niquelandia,BR,2022-01-24 00:31:16,-14.4739,-48.4597,73.35,75,62,2.91
816,Parli,IN,2022-01-24 00:32:53,18.8486,76.5297,56.39,52,4,6.11
817,Bartica,GY,2022-01-24 00:32:54,6.4,-58.6167,75.52,88,59,2.28
818,Wabrzezno,PL,2022-01-24 00:32:54,53.2799,18.9477,33.4,86,100,7.18
819,Snezhnogorsk,RU,2022-01-24 00:32:55,69.1933,33.2531,38.98,89,100,31.81
820,Jiangyou,CN,2022-01-24 00:32:55,31.7667,104.7167,43.79,75,38,1.14
821,Belle Fourche,US,2022-01-24 00:32:55,44.6714,-103.8522,49.89,30,84,16.51
822,Nishihara,JP,2022-01-24 00:32:56,26.1842,127.7558,69.85,94,75,12.66
823,Akyab,MM,2022-01-24 00:32:56,20.15,92.9,64.26,64,2,5.68
824,Great Yarmouth,GB,2022-01-24 00:32:08,52.6083,1.7305,41.45,78,100,5.95
825,San Simon De La Laguna,MX,2022-01-24 00:32:57,19.3,-100.0833,58.44,66,58,2.19
826,Bandarbeyla,SO,2022-01-24 00:32:58,9.4942,50.8122,74.21,71,86,16.69
827,Bahia Blanca,AR,2022-01-24 00:32:58,-38.7196,-62.2724,79.29,29,0,3.6
828,Alness,GB,2022-01-24 00:33:59,57.696,-4.2551,49.24,82,100,9.51
829,Muroto,JP,2022-01-24 00:33:59,33.2833,134.15,48.24,75,100,19.77
830,Luena,AO,2022-01-24 00:33:59,-11.7833,19.9167,59.65,97,42,3.36
831,Kondinskoye,RU,2022-01-24 00:34:00,59.6481,67.41,-0.72,99,100,4.32
832,Jacqueville,CI,2022-01-24 00:34:01,5.2052,-4.4146,78.71,82,0,6.26
833,Petropavlovsk-Kamchatskiy,RU,2022-01-24 00:32:18,53.0452,158.6483,5.59,61,0,8.95
834,Aleksandrov Gay,RU,2022-01-24 00:34:01,50.147,48.5704,16.03,89,100,14.72
835,Libreville,GA,2022-01-24 00:34:02,0.3925,9.4537,79.52,81,78,7.38
836,Dong Xoai,VN,2022-01-24 00:34:02,11.5333,106.9167,77.05,69,19,0.85
837,Salinas,US,2022-01-24 00:34:03,36.6777,-121.6555,66.96,39,0,10.36
838,Chany,RU,2022-01-24 00:34:03,55.3121,76.7647,-6.39,100,100,4.38
839,Krasnoselkup,RU,2022-01-24 00:34:04,65.7,82.4667,-21.95,100,100,2.59
840,Zhigalovo,RU,2022-01-24 00:34:04,54.8097,105.1578,-11.25,100,100,1.03
841,Cocorit,MX,2022-01-24 00:34:05,27.5833,-109.9667,68.34,44,98,12.57
842,Trelew,AR,2022-01-24 00:34:05,-43.249,-65.3051,74.01,27,11,25.34
843,Torfyanoy,RU,2022-01-24 00:34:06,58.4916,49.1979,2.75,99,99,4.76
844,Saint-Georges,GD,2022-01-24 00:34:06,12.0564,-61.7485,76.68,78,40,9.22
845,Black River,JM,2022-01-24 00:34:07,18.0264,-77.8487,78.8,82,39,1.86
846,Acajutla,SV,2022-01-24 00:34:07,13.5928,-89.8275,88.14,73,6,5.66
847,Boshnyakovo,RU,2022-01-24 00:34:08,49.6333,142.1667,9.27,77,9,3.85
848,Uspenka,UA,2022-01-24 00:34:08,48.3903,39.1619,28.47,97,100,12.64
849,Ambon,ID,2022-01-24 00:34:09,-3.6954,128.1814,86.14,74,20,4.61
850,Niono,ML,2022-01-24 00:34:09,14.2526,-5.993,65.89,17,0,10.71
851,Karpogory,RU,2022-01-24 00:34:10,64.0019,44.4451,14.27,92,100,10.02
852,Bend,US,2022-01-24 00:34:10,44.0582,-121.3153,58.86,29,0,4.61
853,Petropavlovka,RU,2022-01-24 00:34:11,50.6114,105.3196,2.62,93,100,2.73
854,Astana,KZ,2022-01-24 00:34:11,51.1801,71.446,-13.05,77,54,8.95
855,Guadalupe Y Calvo,MX,2022-01-24 00:34:12,26.1,-106.9667,38.82,60,9,7.02
856,Buraydah,SA,2022-01-24 00:34:12,26.326,43.975,57.65,56,0,8.48
857,Murray Bridge,AU,2022-01-24 00:34:12,-35.1167,139.2667,84.43,54,100,7.67
858,Ongandjera,NA,2022-01-24 00:34:13,-17.8833,15.0667,74.34,40,12,8.68
859,Makokou,GA,2022-01-24 00:34:13,0.5738,12.8642,75.72,57,94,1.66
860,Kologriv,RU,2022-01-24 00:34:14,58.8275,44.3178,-4.27,100,97,3.78
861,Jinxiang,CN,2022-01-24 00:34:14,27.4327,120.6062,55.17,87,100,14.05
862,Nesbyen,NO,2022-01-24 00:34:15,60.5681,9.1027,44.58,86,100,8.79
863,Indramayu,ID,2022-01-24 00:34:15,-6.3264,108.32,81.05,81,82,2.64
864,Jinchang,CN,2022-01-24 00:34:16,38.4953,102.1739,20.61,55,5,0.47
865,Nagorsk,RU,2022-01-24 00:34:17,59.3172,50.8078,3.92,99,99,4.18
866,Pokhara,NP,2022-01-24 00:34:17,28.2333,83.9833,48.33,46,85,5.68
867,Aswan,EG,2022-01-24 00:31:19,24.0934,32.907,51.6,37,97,9.28
868,Tsirguliina,EE,2022-01-24 00:34:18,57.864,26.1947,28.56,92,100,8.95
869,Maniitsoq,GL,2022-01-24 00:34:18,65.4167,-52.9,19.74,68,100,19.73
870,Comodoro Rivadavia,AR,2022-01-24 00:34:19,-45.8667,-67.5,69.66,28,0,31.07
871,Olinda,BR,2022-01-24 00:32:06,-8.0089,-34.8553,82.13,65,20,4.61
872,Kindu,CD,2022-01-24 00:34:20,-2.95,25.95,68.7,99,100,2.3
873,Jesus Maria,AR,2022-01-24 00:35:20,-30.9815,-64.0942,72.95,90,100,2.57
874,Inta,RU,2022-01-24 00:35:21,66.0317,60.1659,11.91,89,32,12.84
875,Padang,ID,2022-01-24 00:35:21,-0.9492,100.3543,73.45,85,100,2.44
876,Penzance,GB,2022-01-24 00:35:22,50.1186,-5.5371,45.77,80,100,17.18
877,Porto Novo,BJ,2022-01-24 00:35:22,6.4965,2.6036,76.01,83,4,2.73
878,Sao Miguel Do Araguaia,BR,2022-01-24 00:35:23,-13.275,-50.1628,76.33,75,12,1.59
879,Mazamari,PE,2022-01-24 00:35:23,-11.3258,-74.5308,70.63,94,23,2.13
880,Oudtshoorn,ZA,2022-01-24 00:35:24,-33.5907,22.2014,81.59,30,37,2.57
881,Valparaiso,CL,2022-01-24 00:35:24,-33.0393,-71.6273,71.24,43,0,6.91
882,Pemangkat,ID,2022-01-24 00:35:24,1.1667,108.9667,80.44,81,100,4.76
883,Itatskiy,RU,2022-01-24 00:35:25,56.07,89.0369,-6.99,100,99,2.73
884,Nautla,MX,2022-01-24 00:35:26,20.2167,-96.7833,63.14,85,80,8.25
885,Pamplona,ES,2022-01-24 00:35:26,42.8169,-1.6432,37.92,84,0,0.0
886,Fukue,JP,2022-01-24 00:35:27,32.6881,128.8419,52.16,76,75,21.85
887,Tacoronte,ES,2022-01-24 00:35:27,28.4769,-16.4102,58.26,74,0,1.99
888,Aguililla,MX,2022-01-24 00:35:27,18.7333,-102.7333,68.45,48,12,6.22
889,Chilpancingo,MX,2022-01-24 00:35:28,17.55,-99.5,66.11,65,1,3.85
890,San Jose,US,2022-01-24 00:33:02,37.3394,-121.895,66.47,45,20,4.61
891,Bull Savanna,JM,2022-01-24 00:35:29,17.8868,-77.5902,73.4,80,76,2.39
892,Basoko,CD,2022-01-24 00:35:29,1.2391,23.616,74.79,69,66,2.71
893,Ust-Omchug,RU,2022-01-24 00:35:29,61.15,149.6333,-27.51,100,98,3.56
894,Chipinge,ZW,2022-01-24 00:35:30,-20.1883,32.6236,62.74,99,100,4.38
895,Rapar,IN,2022-01-24 00:35:30,23.5667,70.6333,55.02,41,0,1.01
896,Dharchula,IN,2022-01-24 00:35:31,29.85,80.5333,41.88,85,95,4.7
897,Meulaboh,ID,2022-01-24 00:35:19,4.1363,96.1285,76.03,88,64,3.51
898,Aldan,RU,2022-01-24 00:35:32,58.6031,125.3894,-5.84,98,100,4.29
899,Kuching,MY,2022-01-24 00:35:32,1.55,110.3333,77.22,94,20,4.61
900,Kaitong,CN,2022-01-24 00:35:32,44.8135,123.15,3.78,83,100,3.11
901,Borovoy,RU,2022-01-24 00:35:33,55.4333,86.0833,-2.92,84,20,0.0
902,Kondopoga,RU,2022-01-24 00:35:33,62.2057,34.2614,22.69,94,100,10.74
903,Saint-Leu,RE,2022-01-24 00:35:34,-21.15,55.2833,77.83,79,11,8.77
904,Kudahuvadhoo,MV,2022-01-24 00:35:35,2.6708,72.8944,80.47,74,44,10.78
905,Hukuntsi,BW,2022-01-24 00:35:35,-24.0,21.75,63.64,65,83,8.25
906,San Rafael Del Sur,NI,2022-01-24 00:35:36,11.8485,-86.4384,83.37,49,0,13.58
907,Acapulco,MX,2022-01-24 00:35:36,16.8634,-99.8901,84.02,61,0,11.5
