City_ID,City,Country,Date,Lat,Lng,Max Temp,Humidity,Cloudiness,Wind Speed,Current Weather
0,Tuatapere,NZ,2022-01-27 01:15:20,-46.1333,167.6833,58.82,50,20,9.1,few clouds
1,East London,ZA,2022-01-27 01:11:47,-33.0153,27.9116,72.97,92,26,2.84,scattered clouds
2,Dicabisagan,PH,2022-01-27 01:15:22,17.0818,122.4157,76.71,91,100,3.2,moderate rain
3,Punta Arenas,CL,2022-01-27 01:15:23,-53.15,-70.9167,50.11,76,40,28.77,scattered clouds
4,Lagos,NG,2022-01-27 01:12:04,6.5833,3.75,71.28,95,0,0.89,clear sky
5,Sao Joao Da Barra,BR,2022-01-27 01:15:24,-21.6403,-41.0511,76.05,83,2,22.3,clear sky
6,Ushuaia,AR,2022-01-27 01:15:25,-54.8,-68.3,49.66,76,40,27.63,scattered clouds
7,San Quintin,MX,2022-01-27 01:15:25,30.4833,-115.95,59.49,67,100,8.63,overcast clouds
8,Hilo,US,2022-01-27 01:12:09,19.7297,-155.09,78.53,67,40,9.22,scattered clouds
9,Cabo San Lucas,MX,2022-01-27 01:11:35,22.8909,-109.9124,71.51,62,0,1.01,clear sky
10,Bambous Virieux,MU,2022-01-27 01:11:28,-20.3428,57.7575,71.22,88,40,4.61,scattered clouds
11,Deputatskiy,RU,2022-01-27 01:12:05,69.3,139.9,-12.23,96,100,5.28,overcast clouds
12,Chuy,UY,2022-01-27 01:15:29,-33.6971,-53.4616,71.17,90,100,14.9,overcast clouds
13,Sabla,NG,2022-01-27 01:15:30,12.7525,4.7077,65.32,16,4,16.49,clear sky
14,Busselton,AU,2022-01-27 01:15:32,-33.65,115.3333,69.04,52,0,11.56,clear sky
15,Vaini,TO,2022-01-27 01:15:32,-21.2,-175.2,87.96,74,20,8.05,few clouds
16,Naze,JP,2022-01-27 01:15:33,28.3667,129.4833,63.52,69,81,6.58,broken clouds
17,Balkanabat,TM,2022-01-27 01:15:34,39.5108,54.3671,49.42,33,100,4.85,overcast clouds
18,Rikitea,PF,2022-01-27 01:15:35,-23.1203,-134.9692,78.6,77,2,17.22,clear sky
19,Brae,GB,2022-01-27 01:15:36,60.3964,-1.353,46.31,96,100,43.17,overcast clouds
20,Aklavik,CA,2022-01-27 01:15:37,68.2191,-135.0107,-1.37,99,100,4.27,overcast clouds
21,Touros,BR,2022-01-27 01:15:38,-5.1989,-35.4608,77.9,75,100,12.06,overcast clouds
22,Kieta,PG,2022-01-27 01:15:39,-6.2167,155.6333,81.34,81,100,4.68,light rain
23,Ribeira Grande,PT,2022-01-27 01:15:40,38.5167,-28.7,59.61,78,18,14.65,few clouds
24,Kapaa,US,2022-01-27 01:11:38,22.0752,-159.319,80.58,70,75,1.01,broken clouds
25,Iqaluit,CA,2022-01-27 01:11:08,63.7506,-68.5145,-32.85,99,98,3.56,overcast clouds
26,Georgetown,MY,2022-01-27 01:12:16,5.4112,100.3354,80.53,83,20,0.0,few clouds
27,Tarrafal,CV,2022-01-27 01:15:43,15.2833,-23.7667,72.39,78,100,20.74,overcast clouds
28,Port Alfred,ZA,2022-01-27 01:14:30,-33.5906,26.891,72.57,92,88,4.05,overcast clouds
29,Nanortalik,GL,2022-01-27 01:11:40,60.1432,-45.2371,19.54,71,100,15.79,overcast clouds
30,Guerrero Negro,MX,2022-01-27 01:15:45,27.9769,-114.0611,64.85,47,100,8.63,overcast clouds
31,Jamestown,US,2022-01-27 01:15:42,42.097,-79.2353,15.12,78,0,5.75,clear sky
32,Cameron Park,US,2022-01-27 01:13:13,38.6688,-120.9872,58.93,54,0,1.79,clear sky
33,Mezen,RU,2022-01-27 01:15:48,65.8522,44.24,-2.27,99,97,5.23,overcast clouds
34,Asau,RO,2022-01-27 01:15:49,46.4333,26.4,27.52,86,95,6.69,overcast clouds
35,Pontianak,ID,2022-01-27 01:15:50,-0.0333,109.3333,75.18,94,100,3.44,mist
36,Tuktoyaktuk,CA,2022-01-27 01:14:51,69.4541,-133.0374,-7.6,77,20,14.97,few clouds
37,Ancud,CL,2022-01-27 01:11:42,-41.8697,-73.8203,65.73,78,0,1.12,clear sky
38,Yellowknife,CA,2022-01-27 01:13:27,62.456,-114.3525,3.56,84,100,4.0,overcast clouds
39,Makueni,KE,2022-01-27 01:15:54,-1.8041,37.6203,58.15,80,11,1.41,few clouds
40,Saint George,US,2022-01-27 01:14:09,37.1041,-113.5841,48.79,25,0,0.0,clear sky
41,Kloulklubed,PW,2022-01-27 01:15:56,7.0419,134.2556,82.9,81,100,18.01,overcast clouds
42,Cidreira,BR,2022-01-27 01:11:14,-30.1811,-50.2056,73.99,95,100,2.39,overcast clouds
43,Bredasdorp,ZA,2022-01-27 01:15:58,-34.5322,20.0403,64.27,88,19,3.44,few clouds
44,Cape Town,ZA,2022-01-27 01:16:12,-33.9258,18.4232,67.12,79,0,1.99,clear sky
45,Hithadhoo,MV,2022-01-27 01:16:59,-0.6,73.0833,81.46,75,89,21.41,overcast clouds
46,Taoudenni,ML,2022-01-27 01:17:00,22.6783,-3.9836,64.69,20,7,12.91,clear sky
47,Hobart,AU,2022-01-27 01:13:10,-42.8794,147.3294,71.46,60,75,10.36,broken clouds
48,Vanimo,PG,2022-01-27 01:17:02,-2.6741,141.3028,82.53,80,96,0.16,overcast clouds
49,Hasaki,JP,2022-01-27 01:12:13,35.7333,140.8333,46.29,64,80,8.88,broken clouds
50,Qaanaaq,GL,2022-01-27 01:17:04,77.484,-69.3632,-8.7,60,73,8.25,broken clouds
51,Butaritari,KI,2022-01-27 01:17:06,3.0707,172.7902,82.08,78,14,13.49,few clouds
52,Longyearbyen,SJ,2022-01-27 01:17:07,78.2186,15.6401,10.24,61,75,14.97,broken clouds
53,Filimonovo,RU,2022-01-27 01:17:08,56.2011,95.4611,9.91,97,100,0.34,overcast clouds
54,Katsuura,JP,2022-01-27 01:17:09,35.1333,140.3,50.18,60,100,14.34,overcast clouds
55,Alofi,NU,2022-01-27 01:17:09,-19.0595,-169.9187,80.49,89,75,103.57,broken clouds
56,Vardo,NO,2022-01-27 01:12:28,70.3705,31.1107,25.77,72,100,15.88,overcast clouds
57,Kaitangata,NZ,2022-01-27 01:17:11,-46.2817,169.8464,56.93,56,21,14.56,few clouds
58,Avarua,CK,2022-01-27 01:17:11,-21.2078,-159.775,82.45,83,40,12.66,scattered clouds
59,Hofn,IS,2022-01-27 01:13:24,64.2539,-15.2082,31.48,53,100,9.19,overcast clouds
60,Hegang,CN,2022-01-27 01:17:13,47.4,130.3667,4.86,83,7,4.18,clear sky
61,Atuona,PF,2022-01-27 01:17:14,-9.8,-139.0333,78.78,79,12,17.4,few clouds
62,Khorol,UA,2022-01-27 01:17:15,49.7837,33.2783,18.01,97,100,2.59,overcast clouds
63,Portel,BR,2022-01-27 01:17:16,-1.9356,-50.8211,73.53,95,100,2.71,overcast clouds
64,Synya,RU,2022-01-27 01:17:17,65.3718,58.0387,12.43,93,100,8.05,overcast clouds
65,Vologda,RU,2022-01-27 01:17:18,59.2187,39.8886,-3.48,100,100,4.34,overcast clouds
66,New Norfolk,AU,2022-01-27 01:13:31,-42.7826,147.0587,71.1,93,100,2.71,overcast clouds
67,Sindgi,IN,2022-01-27 01:17:19,16.9167,76.2333,62.94,51,0,9.15,clear sky
68,Riyadh,SA,2022-01-27 01:15:25,24.6877,46.7219,60.94,31,0,11.88,clear sky
69,Bilma,NE,2022-01-27 01:17:20,18.6853,12.9164,52.86,35,16,10.22,few clouds
70,San Francisco,US,2022-01-27 01:15:03,37.7749,-122.4194,62.26,67,0,1.01,haze
71,Cockburn Town,TC,2022-01-27 01:17:22,21.4612,-71.1419,77.77,73,0,13.22,clear sky
72,Faya,SA,2022-01-27 01:13:01,18.3851,42.4509,54.12,64,3,6.22,clear sky
73,Mataura,NZ,2022-01-27 01:16:25,-46.1927,168.8643,58.48,42,53,7.31,broken clouds
74,Victoria,HK,2022-01-27 01:13:13,22.2855,114.1577,69.85,87,60,1.99,broken clouds
75,Karratha,AU,2022-01-27 01:17:25,-20.7377,116.8463,86.13,50,0,16.49,clear sky
76,Wellington,NZ,2022-01-27 01:15:31,-41.2866,174.7756,70.77,60,20,4.0,few clouds
77,Carballo,ES,2022-01-27 01:17:27,43.213,-8.691,45.68,88,0,2.93,clear sky
78,Port Elizabeth,ZA,2022-01-27 01:17:27,-33.918,25.5701,67.1,94,100,6.91,light rain
79,Saldanha,ZA,2022-01-27 01:17:28,-33.0117,17.9442,59.05,92,0,11.12,clear sky
80,Etah,IN,2022-01-27 01:17:29,27.6333,78.6667,45.81,81,0,6.04,clear sky
81,Hermanus,ZA,2022-01-27 01:17:30,-34.4187,19.2345,66.9,87,3,9.15,clear sky
82,Saint-Philippe,RE,2022-01-27 01:16:15,-21.3585,55.7679,71.19,68,51,7.7,broken clouds
83,Rudnogorsk,RU,2022-01-27 01:17:31,57.2639,103.7519,-14.98,100,99,1.07,overcast clouds
84,Serenje,ZM,2022-01-27 01:17:32,-13.2325,30.2352,60.22,98,100,4.32,overcast clouds
85,Okato,NZ,2022-01-27 01:17:33,-39.2,173.8833,70.92,50,10,12.5,clear sky
86,Sitka,US,2022-01-27 01:18:34,57.0531,-135.33,37.29,87,40,4.61,scattered clouds
87,Tilichiki,RU,2022-01-27 01:18:35,60.4667,166.1,17.24,95,100,9.71,light snow
88,Cap-Aux-Meules,CA,2022-01-27 01:18:36,47.3821,-61.8597,15.85,79,100,20.71,overcast clouds
89,Mar Del Plata,AR,2022-01-27 01:16:01,-38.0023,-57.5575,64.09,71,40,4.0,scattered clouds
90,Nikolskoye,RU,2022-01-27 01:18:37,59.7035,30.7861,25.88,93,100,10.71,snow
91,Bluff,NZ,2022-01-27 01:18:39,-46.6,168.3333,58.8,56,47,11.34,scattered clouds
92,Chokurdakh,RU,2022-01-27 01:18:40,70.6333,147.9167,-27.67,97,33,12.37,scattered clouds
93,Barrow,US,2022-01-27 01:18:40,71.2906,-156.7887,-12.98,77,0,14.97,clear sky
94,Ambulu,ID,2022-01-27 01:18:42,-8.345,113.6058,80.62,82,100,2.3,overcast clouds
95,Dunedin,NZ,2022-01-27 01:18:44,-45.8742,170.5036,58.8,58,56,13.0,broken clouds
96,Narsaq,GL,2022-01-27 01:18:44,60.9167,-46.05,19.62,72,97,16.84,overcast clouds
97,Kodiak,US,2022-01-27 01:17:56,57.79,-152.4072,35.11,93,100,11.5,light snow
98,Faanui,PF,2022-01-27 01:18:46,-16.4833,-151.75,81.07,77,27,18.52,light rain
99,Hauterive,FR,2022-01-27 01:18:47,46.0901,3.4459,27.01,86,7,2.95,clear sky
100,Leningradskiy,RU,2022-01-27 01:18:48,69.3833,178.4167,-25.44,90,8,3.56,clear sky
101,Farmington,US,2022-01-27 01:15:00,36.7281,-108.2187,38.08,46,0,6.91,clear sky
102,Natal,BR,2022-01-27 01:17:04,-5.795,-35.2094,79.02,89,40,4.61,scattered clouds
103,Saint-Pierre,RE,2022-01-27 01:18:51,-21.3393,55.4781,71.28,64,40,11.5,scattered clouds
104,Arraial Do Cabo,BR,2022-01-27 01:18:52,-22.9661,-42.0278,75.51,86,1,26.84,clear sky
105,Makakilo City,US,2022-01-27 01:18:53,21.3469,-158.0858,79.12,51,0,11.5,clear sky
106,Salinopolis,BR,2022-01-27 01:18:54,-0.6136,-47.3561,79.41,82,100,8.63,overcast clouds
107,Thompson,CA,2022-01-27 01:18:56,55.7435,-97.8558,-3.84,71,40,16.11,scattered clouds
108,Esperance,AU,2022-01-27 01:18:39,-33.8667,121.9,64.24,80,100,7.09,overcast clouds
109,Chunoyar,RU,2022-01-27 01:18:57,57.4467,97.3217,4.5,98,100,2.82,overcast clouds
110,College,US,2022-01-27 01:17:24,64.8569,-147.8028,-2.22,77,40,0.0,scattered clouds
111,Matara,LK,2022-01-27 01:18:58,5.9485,80.5353,71.01,90,99,4.21,overcast clouds
112,Eskil,TR,2022-01-27 01:18:59,38.4017,33.4131,12.16,97,100,3.38,light snow
113,Te Anau,NZ,2022-01-27 01:19:00,-45.4167,167.7167,60.73,41,35,3.8,scattered clouds
114,Vakhrushev,RU,2022-01-27 01:19:01,48.9833,142.9667,7.12,85,68,5.19,broken clouds
115,Bethel,US,2022-01-27 01:19:02,41.3712,-73.414,21.49,56,0,5.75,clear sky
116,Kavieng,PG,2022-01-27 01:19:03,-2.5744,150.7967,83.97,75,100,8.93,light rain
117,Porto Novo,BJ,2022-01-27 01:19:04,6.4965,2.6036,76.82,83,0,2.26,clear sky
118,Takoradi,GH,2022-01-27 01:19:05,4.8845,-1.7554,78.55,88,0,5.48,clear sky
119,Chitral,PK,2022-01-27 01:19:06,35.8462,71.7858,18.45,40,0,9.53,clear sky
120,Akom,CM,2022-01-27 01:19:07,2.6678,12.7109,65.48,41,58,1.39,broken clouds
121,Lokosovo,RU,2022-01-27 01:19:08,61.1333,74.8167,-2.97,99,100,5.61,overcast clouds
122,Nizhneudinsk,RU,2022-01-27 01:14:52,54.9076,99.0276,4.48,97,100,1.59,overcast clouds
123,Bratsk,RU,2022-01-27 01:19:09,56.1325,101.6142,-3.51,100,100,1.52,overcast clouds
124,Lavrentiya,RU,2022-01-27 01:19:10,65.5833,-171.0,-18.18,88,27,5.01,scattered clouds
125,Huangcun,CN,2022-01-27 01:19:11,30.0145,118.4037,41.04,95,100,4.52,overcast clouds
126,Egvekinot,RU,2022-01-27 01:19:12,66.3167,-179.1667,-15.63,85,100,0.72,overcast clouds
127,Mecca,SA,2022-01-27 01:19:13,21.4267,39.8261,65.1,56,94,15.17,overcast clouds
128,Banda Aceh,ID,2022-01-27 01:20:14,5.5577,95.3222,79.45,78,30,4.38,scattered clouds
129,Maceio,BR,2022-01-27 01:15:56,-9.6658,-35.7353,81.84,83,75,5.75,broken clouds
130,Albany,US,2022-01-27 01:16:20,42.6001,-73.9662,12.4,57,3,4.0,clear sky
131,Mount Gambier,AU,2022-01-27 01:20:15,-37.8333,140.7667,88.18,46,1,7.2,clear sky
132,Richards Bay,ZA,2022-01-27 01:20:16,-28.783,32.0377,73.0,96,34,6.55,scattered clouds
133,Maba,CN,2022-01-27 01:20:17,24.6841,113.5984,66.61,79,87,3.27,overcast clouds
134,Rocha,UY,2022-01-27 01:20:18,-34.4833,-54.3333,68.2,89,100,18.3,overcast clouds
135,Mindelo,CV,2022-01-27 01:20:18,16.8901,-24.9804,71.15,68,75,28.77,broken clouds
136,San Juan,AR,2022-01-27 01:15:58,-31.5375,-68.5364,80.15,50,89,20.22,overcast clouds
137,Severodvinsk,RU,2022-01-27 01:20:20,64.5635,39.8302,10.51,97,96,6.26,overcast clouds
138,Bedele,ET,2022-01-27 01:20:21,8.456,36.353,55.78,61,12,2.57,few clouds
139,Neuquen,AR,2022-01-27 01:18:24,-38.9516,-68.0591,75.09,35,0,17.27,clear sky
140,Beliator,IN,2022-01-27 01:20:22,23.3333,87.2167,57.58,62,5,7.87,clear sky
141,Djougou,BJ,2022-01-27 01:20:23,9.7085,1.666,70.97,19,0,5.86,clear sky
142,Cherskiy,RU,2022-01-27 01:20:12,68.75,161.3,-43.1,98,46,3.51,scattered clouds
143,Lata,PT,2022-01-27 01:20:25,40.1629,-8.3327,48.72,79,47,4.99,scattered clouds
144,Boa Viagem,BR,2022-01-27 01:18:08,-5.1275,-39.7322,73.9,79,100,3.62,overcast clouds
145,Vila Velha,BR,2022-01-27 01:19:49,-20.3297,-40.2925,75.94,83,0,5.99,clear sky
146,Yar-Sale,RU,2022-01-27 01:20:27,66.8333,70.8333,6.42,94,100,9.55,overcast clouds
147,Puerto Ayora,EC,2022-01-27 01:20:27,-0.7393,-90.3518,73.63,89,100,7.14,overcast clouds
148,Coquimbo,CL,2022-01-27 01:16:20,-29.9533,-71.3436,62.33,77,0,5.75,clear sky
149,Tra Vinh,VN,2022-01-27 01:20:29,9.9347,106.3453,79.29,76,96,5.28,overcast clouds
150,Nyurba,RU,2022-01-27 01:20:29,63.2842,118.3319,-11.67,99,97,5.03,overcast clouds
151,Baracoa,CU,2022-01-27 01:20:30,20.3467,-74.4958,74.3,86,26,5.21,scattered clouds
152,Roebourne,AU,2022-01-27 01:20:31,-20.7833,117.1333,87.57,44,0,14.61,clear sky
153,Anadyr,RU,2022-01-27 01:20:32,64.75,177.4833,5.5,85,75,17.9,light snow
154,Hamilton,US,2022-01-27 01:16:29,39.1834,-84.5333,20.03,64,0,0.0,clear sky
155,Usisha,RU,2022-01-27 01:20:34,42.2511,47.3928,18.3,93,92,0.78,overcast clouds
156,Vyshkov,RU,2022-01-27 01:20:35,52.4764,31.6873,19.29,97,100,3.42,overcast clouds
157,Emba,KZ,2022-01-27 01:20:35,48.8264,58.1442,16.93,94,100,4.03,overcast clouds
158,Peleduy,RU,2022-01-27 01:20:37,59.6289,112.7406,-13.65,100,98,2.77,overcast clouds
159,Chaumont,FR,2022-01-27 01:17:49,48.1167,5.1333,28.69,96,100,4.5,overcast clouds
160,Vao,NC,2022-01-27 01:20:38,-22.6667,167.4833,78.22,83,100,16.37,overcast clouds
161,Westport,US,2022-01-27 01:20:39,41.1415,-73.3579,24.55,48,0,1.01,clear sky
162,Yerbogachen,RU,2022-01-27 01:20:40,61.2767,108.0108,-18.9,100,100,3.8,overcast clouds
163,Gryazi,RU,2022-01-27 01:20:41,52.4966,39.9359,-4.77,100,100,3.74,overcast clouds
164,Saskylakh,RU,2022-01-27 01:20:42,71.9167,114.0833,-10.35,92,46,4.27,scattered clouds
165,Clyde River,CA,2022-01-27 01:20:43,70.4692,-68.5914,-7.37,77,100,21.85,light snow
166,Raca,RS,2022-01-27 01:20:44,44.2271,20.9775,34.54,94,100,8.39,overcast clouds
167,Bonthe,SL,2022-01-27 01:20:45,7.5264,-12.505,78.12,82,14,5.93,few clouds
168,Tombouctou,ML,2022-01-27 01:20:46,20.0,-3.0,66.36,15,100,10.42,overcast clouds
169,Broken Hill,AU,2022-01-27 01:20:46,-31.95,141.4333,94.01,30,3,8.99,clear sky
170,Pilot Butte,CA,2022-01-27 01:20:47,50.4668,-104.4178,31.66,79,100,20.71,overcast clouds
171,Raduzhnyy,RU,2022-01-27 01:20:48,62.0961,77.475,-4.2,99,97,7.58,overcast clouds
172,Dikson,RU,2022-01-27 01:20:49,73.5069,80.5464,12.7,93,100,27.76,light snow
173,Belaya Gora,RU,2022-01-27 01:20:49,68.5333,146.4167,-35.68,100,15,6.89,few clouds
174,Port Hueneme,US,2022-01-27 01:21:51,34.1478,-119.1951,67.33,61,0,6.91,clear sky
175,Krasnoarmeysk,RU,2022-01-27 01:21:51,51.0239,45.6969,12.2,97,100,4.05,overcast clouds
176,Moindou,NC,2022-01-27 01:21:52,-21.6924,165.677,85.95,66,91,10.54,overcast clouds
177,Geraldton,AU,2022-01-27 01:21:53,-28.7667,114.6,82.81,42,0,13.8,clear sky
178,Cuamba,MZ,2022-01-27 01:21:54,-14.8031,36.5372,69.15,99,100,4.52,overcast clouds
179,Padang,ID,2022-01-27 01:21:54,-0.9492,100.3543,78.85,77,100,3.02,overcast clouds
180,Sola,VU,2022-01-27 01:21:56,-13.8833,167.55,86.67,74,75,5.75,broken clouds
181,Cayenne,GF,2022-01-27 01:18:53,4.9333,-52.3333,75.24,94,75,0.0,broken clouds
182,Castro,BR,2022-01-27 01:20:46,-24.7911,-50.0119,67.96,89,100,1.83,overcast clouds
183,Tela,HN,2022-01-27 01:21:58,15.7833,-87.45,77.22,91,0,2.98,clear sky
184,Fairbanks,US,2022-01-27 01:20:02,64.8378,-147.7164,-2.2,78,100,0.0,overcast clouds
185,Belgrade,RS,2022-01-27 01:20:15,44.804,20.4651,33.46,84,75,1.01,broken clouds
186,Talnakh,RU,2022-01-27 01:21:59,69.4865,88.3972,2.21,96,100,15.26,light snow
187,Sena Madureira,BR,2022-01-27 01:22:00,-9.0656,-68.6569,73.58,94,98,3.06,overcast clouds
188,Ilulissat,GL,2022-01-27 01:22:01,69.2167,-51.1,12.22,67,100,21.85,overcast clouds
189,Wattegama,LK,2022-01-27 01:22:02,6.7989,81.4808,65.88,92,47,3.09,scattered clouds
190,San Jose,US,2022-01-27 01:17:20,37.3394,-121.895,62.76,60,0,4.61,clear sky
191,Teguldet,RU,2022-01-27 01:22:03,57.3064,88.1667,-0.24,99,98,2.19,overcast clouds
192,Khatanga,RU,2022-01-27 01:22:04,71.9667,102.5,1.2,88,100,13.62,overcast clouds
193,Abonnema,NG,2022-01-27 01:22:05,4.7084,6.7931,76.98,81,60,3.71,broken clouds
194,Bull Savanna,JM,2022-01-27 01:22:06,17.8868,-77.5902,74.1,82,74,4.07,broken clouds
195,Severo-Kurilsk,RU,2022-01-27 01:22:06,50.6789,156.125,26.47,70,88,27.18,overcast clouds
196,Krutikha,RU,2022-01-27 01:22:07,53.9599,81.2093,-13.18,100,96,3.11,overcast clouds
197,Marsa Matruh,EG,2022-01-27 01:22:08,31.3525,27.2453,44.8,81,40,11.5,scattered clouds
198,Fukue,JP,2022-01-27 01:22:09,32.6881,128.8419,52.16,62,75,4.61,broken clouds
199,Klaksvik,FO,2022-01-27 01:22:09,62.2266,-6.589,36.52,80,100,31.52,overcast clouds
200,Belmonte,BR,2022-01-27 01:22:10,-15.8631,-38.8828,73.9,87,100,6.89,light rain
201,Half Moon Bay,US,2022-01-27 01:22:11,37.4636,-122.4286,62.29,68,40,0.0,mist
202,Namibe,AO,2022-01-27 01:22:12,-15.1961,12.1522,76.15,82,100,7.27,light rain
203,Hibbing,US,2022-01-27 01:22:12,47.4272,-92.9377,18.75,73,100,10.36,overcast clouds
204,Ninh Binh,VN,2022-01-27 01:22:13,20.2539,105.975,71.01,90,16,4.09,few clouds
205,Maumere,ID,2022-01-27 01:22:14,-8.6199,122.2111,82.67,78,87,11.01,overcast clouds
206,Athens,GR,2022-01-27 01:19:43,37.9795,23.7162,42.21,63,20,1.01,few clouds
207,Pevek,RU,2022-01-27 01:20:58,69.7008,170.3133,-32.39,98,31,3.44,scattered clouds
208,Ust-Ishim,RU,2022-01-27 01:22:16,57.6935,71.1665,-3.57,99,100,4.27,overcast clouds
209,Provideniya,RU,2022-01-27 01:22:17,64.3833,-173.3,-2.09,71,75,4.47,light snow
210,Port Hedland,AU,2022-01-27 01:22:18,-20.3167,118.5667,87.85,70,100,10.36,overcast clouds
211,Nome,US,2022-01-27 01:22:19,64.5011,-165.4064,-14.73,76,0,0.0,clear sky
212,Port-Gentil,GA,2022-01-27 01:22:19,-0.7193,8.7815,80.13,80,100,13.47,overcast clouds
213,Upernavik,GL,2022-01-27 01:22:20,72.7868,-56.1549,6.62,80,100,19.28,overcast clouds
214,Segou,ML,2022-01-27 01:22:21,13.4317,-6.2157,72.57,11,99,8.01,overcast clouds
215,Shillong,IN,2022-01-27 01:19:21,25.5689,91.8831,40.23,91,74,1.66,broken clouds
216,Shubarshi,KZ,2022-01-27 01:22:22,48.5872,57.1869,19.81,94,100,6.44,overcast clouds
217,Vostok,RU,2022-01-27 01:22:23,46.4856,135.8833,4.1,88,99,3.13,overcast clouds
218,Shingu,JP,2022-01-27 01:22:24,33.7333,135.9833,49.19,56,100,3.33,overcast clouds
219,Vila Do Maio,CV,2022-01-27 01:22:24,15.1333,-23.2167,72.39,77,100,20.29,overcast clouds
220,Nizhniy Baskunchak,RU,2022-01-27 01:22:25,48.2198,46.8311,18.99,96,100,6.58,overcast clouds
221,Bengkulu,ID,2022-01-27 01:23:26,-3.8004,102.2655,78.93,80,100,3.38,overcast clouds
222,Lebu,CL,2022-01-27 01:23:26,-37.6167,-73.65,58.59,89,0,9.24,clear sky
223,Plettenberg Bay,ZA,2022-01-27 01:23:27,-34.0527,23.3716,66.18,96,88,5.57,overcast clouds
224,Libreville,GA,2022-01-27 01:19:59,0.3925,9.4537,78.87,84,100,6.31,overcast clouds
225,Karera,IN,2022-01-27 01:23:29,25.4667,78.15,47.23,74,0,2.57,clear sky
226,Dingle,PH,2022-01-27 01:23:30,10.9995,122.6711,81.59,81,100,9.37,overcast clouds
227,Sao Filipe,CV,2022-01-27 01:23:32,14.8961,-24.4956,74.5,70,100,15.26,overcast clouds
228,Rawson,AR,2022-01-27 01:23:32,-43.3002,-65.1023,60.89,61,0,12.1,clear sky
229,Awbari,LY,2022-01-27 01:23:33,26.5921,12.7805,39.85,43,9,6.76,clear sky
230,Maine-Soroa,NE,2022-01-27 01:21:19,13.2114,12.0241,62.1,31,1,13.73,clear sky
231,Port Shepstone,ZA,2022-01-27 01:23:35,-30.7414,30.455,72.9,84,16,5.23,few clouds
232,Qaqortoq,GL,2022-01-27 01:23:36,60.7167,-46.0333,19.9,67,92,19.48,overcast clouds
233,Alyangula,AU,2022-01-27 01:23:37,-13.8483,136.4192,89.47,62,100,11.5,overcast clouds
234,Sao Felix Do Xingu,BR,2022-01-27 01:20:59,-6.6447,-51.995,72.55,94,100,1.05,overcast clouds
235,Mercedes,AR,2022-01-27 01:23:39,-34.6515,-59.4307,65.86,58,41,17.22,scattered clouds
236,Maragogi,BR,2022-01-27 01:23:40,-9.0122,-35.2225,77.9,83,5,8.37,clear sky
237,Santa Helena,BR,2022-01-27 01:23:41,-2.2311,-45.3,73.09,98,100,2.66,heavy intensity rain
238,Rassvet,RU,2022-01-27 01:23:42,46.8333,40.75,27.91,99,99,7.38,overcast clouds
239,Pokrovsk,UA,2022-01-27 01:23:43,48.282,37.1758,9.95,99,86,2.21,overcast clouds
240,Pacific Grove,US,2022-01-27 01:23:43,36.6177,-121.9166,63.0,80,0,3.0,clear sky
241,Svetlogorsk,BY,2022-01-27 01:23:44,52.6333,29.7333,16.48,97,100,5.95,overcast clouds
242,Maniitsoq,GL,2022-01-27 01:23:45,65.4167,-52.9,16.47,93,100,9.66,snow
243,Lagunas,PE,2022-01-27 01:23:46,-5.2269,-75.6753,75.11,87,23,1.07,few clouds
244,Hokitika,NZ,2022-01-27 01:23:47,-42.7167,170.9667,65.23,49,0,9.48,clear sky
245,Mari-Turek,RU,2022-01-27 01:23:48,56.7895,49.6235,2.86,97,99,5.64,overcast clouds
246,Erenhot,CN,2022-01-27 01:23:48,43.6475,111.9767,1.58,86,5,6.69,clear sky
247,Buturlino,RU,2022-01-27 01:23:49,55.5667,44.8974,3.54,98,96,4.74,overcast clouds
248,Henties Bay,NA,2022-01-27 01:23:51,-22.116,14.2845,66.85,87,100,6.22,overcast clouds
249,Zhezkazgan,KZ,2022-01-27 01:23:52,47.8043,67.7144,-2.22,78,40,4.47,scattered clouds
250,Teya,RU,2022-01-27 01:23:52,60.3778,92.6267,-19.91,100,34,1.97,scattered clouds
251,Salalah,OM,2022-01-27 01:23:53,17.0151,54.0924,66.29,72,0,3.44,clear sky
252,Norman Wells,CA,2022-01-27 01:23:54,65.282,-126.8329,8.64,85,75,2.3,broken clouds
253,Selje,NO,2022-01-27 01:23:55,62.0459,5.351,46.26,95,100,14.97,moderate rain
254,Doha,QA,2022-01-27 01:22:03,25.2867,51.5333,64.29,94,0,2.3,clear sky
255,Saint-Augustin,CA,2022-01-27 01:23:57,51.226,-58.6502,-6.97,83,2,10.78,clear sky
256,Puerto Leguizamo,CO,2022-01-27 01:23:58,-0.1934,-74.7819,72.93,98,100,2.04,overcast clouds
257,Aswan,EG,2022-01-27 01:23:59,24.0934,32.907,45.7,45,0,8.05,clear sky
258,Salamiyah,SY,2022-01-27 01:24:00,35.0113,37.0532,37.26,96,100,12.26,overcast clouds
259,Dali,CN,2022-01-27 01:24:01,25.7,100.1833,43.0,84,96,3.4,overcast clouds
260,Davila,PH,2022-01-27 01:23:18,18.4726,120.5763,80.58,91,88,23.76,overcast clouds
261,Yagodnoye,RU,2022-01-27 01:24:02,62.55,149.6667,-33.65,99,72,4.07,broken clouds
262,Siuna,NI,2022-01-27 01:24:03,13.7332,-84.7773,69.4,69,11,3.47,few clouds
263,Ascension,US,2022-01-27 01:19:24,30.2169,-90.9001,50.0,61,0,7.0,clear sky
264,Mahebourg,MU,2022-01-27 01:22:45,-20.4081,57.7,71.26,88,40,4.61,scattered clouds
265,Charyshskoye,RU,2022-01-27 01:24:05,51.3978,83.5598,11.32,92,100,3.02,overcast clouds
266,Luderitz,NA,2022-01-27 01:24:06,-26.6481,15.1594,68.72,69,5,19.82,clear sky
267,Bad Krozingen,DE,2022-01-27 01:24:07,47.9167,7.7,32.52,92,50,1.99,scattered clouds
268,Constitucion,CL,2022-01-27 01:20:58,-35.3333,-72.4167,57.94,95,6,6.64,clear sky
269,Bethanien,NA,2022-01-27 01:25:09,-26.502,17.1583,83.03,33,89,10.16,overcast clouds
270,Baykit,RU,2022-01-27 01:25:09,61.67,96.37,-21.77,100,60,1.03,broken clouds
271,Warri,NG,2022-01-27 01:25:10,5.5167,5.75,75.58,86,20,1.86,few clouds
272,Malyn,UA,2022-01-27 01:25:11,50.7723,29.2383,21.11,96,98,5.97,overcast clouds
273,Conde,BR,2022-01-27 01:25:11,-7.2597,-34.9075,74.66,100,75,3.44,thunderstorm with light rain
274,Mogadishu,SO,2022-01-27 01:25:12,2.0371,45.3438,75.13,79,19,16.26,few clouds
275,Falam,MM,2022-01-27 01:21:08,22.9167,93.6833,44.94,86,5,2.62,clear sky
276,Gushikawa,JP,2022-01-27 01:25:13,26.3544,127.8686,71.6,65,0,5.75,clear sky
277,Bristol,US,2022-01-27 01:22:32,41.8334,-71.1662,20.44,42,0,1.99,clear sky
278,Namatanai,PG,2022-01-27 01:25:15,-3.6667,152.4333,85.68,67,49,3.78,scattered clouds
279,Dudinka,RU,2022-01-27 01:25:15,69.4058,86.1778,2.62,95,100,25.46,light snow
280,San Ramon De La Nueva Oran,AR,2022-01-27 01:25:16,-23.1322,-64.326,82.42,53,100,4.07,overcast clouds
281,Bridgton,US,2022-01-27 01:25:17,44.0548,-70.7128,9.82,63,1,3.31,clear sky
282,Labuhan,ID,2022-01-27 01:25:19,-6.8844,112.2051,80.69,81,100,9.69,overcast clouds
283,Husavik,IS,2022-01-27 01:22:51,66.0449,-17.3389,31.91,71,100,10.25,overcast clouds
284,Ishigaki,JP,2022-01-27 01:25:20,24.3448,124.1572,75.33,69,40,10.36,scattered clouds
285,San Patricio,US,2022-01-27 01:25:21,28.017,-97.5169,57.18,74,54,8.61,broken clouds
286,Pinotepa Nacional,MX,2022-01-27 01:25:22,16.3167,-98.0167,74.1,74,1,2.21,clear sky
287,Rudbar,AF,2022-01-27 01:20:56,30.15,62.6,47.61,33,0,5.23,clear sky
288,Guarumal,PA,2022-01-27 01:25:23,8.35,-82.5333,78.89,89,20,3.44,few clouds
289,Aban,RU,2022-01-27 01:25:24,56.67,96.06,9.64,96,100,4.21,light snow
290,Bambanglipuro,ID,2022-01-27 01:25:25,-7.95,110.2833,81.23,79,100,5.77,overcast clouds
291,Chipinge,ZW,2022-01-27 01:25:26,-20.1883,32.6236,63.9,97,100,3.83,light rain
292,Yulara,AU,2022-01-27 01:25:27,-25.2406,130.9889,89.44,43,68,8.05,broken clouds
293,Caravelas,BR,2022-01-27 01:23:59,-17.7125,-39.2481,75.11,91,84,4.16,broken clouds
294,Taubate,BR,2022-01-27 01:25:28,-23.0264,-45.5553,72.91,94,75,4.61,broken clouds
295,Mukhen,RU,2022-01-27 01:25:29,48.1,136.1,5.76,89,100,3.76,overcast clouds
296,Port Hardy,CA,2022-01-27 01:25:30,50.6996,-127.4199,41.76,93,75,4.61,broken clouds
297,Beringovskiy,RU,2022-01-27 01:25:31,63.05,179.3167,1.62,95,100,5.57,overcast clouds
298,Codrington,AU,2022-01-27 01:24:22,-38.2667,141.9667,89.44,46,7,10.07,clear sky
299,Paamiut,GL,2022-01-27 01:25:33,61.994,-49.6678,10.89,71,100,14.03,overcast clouds
300,Carnarvon,AU,2022-01-27 01:24:00,-24.8667,113.6333,78.87,69,75,12.66,broken clouds
301,Kruisfontein,ZA,2022-01-27 01:25:00,-34.0033,24.7314,64.89,95,87,1.32,overcast clouds
302,Beloha,MG,2022-01-27 01:21:25,-25.1667,45.05,68.45,87,0,10.33,clear sky
303,Lorengau,PG,2022-01-27 01:25:35,-2.0226,147.2712,83.43,78,100,7.18,overcast clouds
304,Belyy Yar,RU,2022-01-27 01:25:36,53.6039,91.3903,-0.51,78,40,2.24,fog
305,Sao Domingos,BR,2022-01-27 01:25:36,-13.3983,-46.3183,69.93,88,100,3.15,overcast clouds
306,Grindavik,IS,2022-01-27 01:22:51,63.8424,-22.4338,28.35,93,0,8.05,clear sky
307,Ahuimanu,US,2022-01-27 01:21:16,21.4447,-157.8378,80.31,63,20,5.01,few clouds
308,Potiskum,NG,2022-01-27 01:25:38,11.7091,11.0694,60.8,25,8,11.1,clear sky
309,Masvingo,ZW,2022-01-27 01:25:39,-20.0637,30.8277,65.08,94,100,7.45,overcast clouds
310,Ahipara,NZ,2022-01-27 01:25:40,-35.1667,173.1667,72.77,56,2,16.24,clear sky
311,Kostino,RU,2022-01-27 01:25:41,58.9097,53.2691,11.39,96,100,3.18,light snow
312,Caracoli,CO,2022-01-27 01:25:41,6.4119,-74.7606,70.27,97,100,2.77,overcast clouds
313,Cassia,BR,2022-01-27 01:25:42,-20.5831,-46.9219,68.58,90,74,1.23,broken clouds
314,Ilhabela,BR,2022-01-27 01:25:43,-23.7781,-45.3581,77.25,89,41,5.61,scattered clouds
315,Mendi,PG,2022-01-27 01:25:44,-6.1761,143.6513,60.57,93,100,1.77,overcast clouds
316,Torbay,CA,2022-01-27 01:25:45,47.6666,-52.7314,31.87,95,100,13.8,light snow
317,Pisco,PE,2022-01-27 01:26:46,-13.7,-76.2167,70.02,77,0,19.57,clear sky
318,Jumla,NP,2022-01-27 01:26:47,29.2747,82.1838,22.93,68,5,4.99,clear sky
319,Baiyin,CN,2022-01-27 01:26:48,36.5583,104.2081,14.88,50,100,4.23,overcast clouds
320,Gualaceo,EC,2022-01-27 01:26:48,-2.9,-78.7833,60.46,95,97,3.51,overcast clouds
321,Paracuru,BR,2022-01-27 01:25:14,-3.41,-39.0306,82.42,84,99,12.41,overcast clouds
322,Santos Reyes Nopala,MX,2022-01-27 01:26:50,16.1092,-97.1561,72.77,81,22,0.36,few clouds
323,Bowen,AU,2022-01-27 01:26:50,-20.0167,148.2333,75.42,93,100,7.27,light rain
324,Altay,CN,2022-01-27 01:26:51,47.8667,88.1167,5.11,77,100,3.11,overcast clouds
325,Wagar,SD,2022-01-27 01:25:09,16.1525,36.2032,68.43,83,12,19.22,few clouds
326,Tautira,PF,2022-01-27 01:26:52,-17.7333,-149.15,84.22,77,36,16.51,light rain
327,Oroville,US,2022-01-27 01:26:53,39.5138,-121.5564,62.13,47,0,0.0,clear sky
328,Sal Rei,CV,2022-01-27 01:26:54,16.1833,-22.9167,68.56,77,100,24.27,overcast clouds
329,Pudozh,RU,2022-01-27 01:26:55,61.8099,36.5345,15.6,88,100,6.11,overcast clouds
330,Tiarei,PF,2022-01-27 01:26:56,-17.5333,-149.3333,84.22,77,75,16.2,light rain
331,Boa Vista,BR,2022-01-27 01:26:57,2.8197,-60.6733,82.38,57,0,6.91,clear sky
332,Bonfim,BR,2022-01-27 01:26:58,3.0833,-59.95,81.9,60,99,3.18,overcast clouds
333,Bandarbeyla,SO,2022-01-27 01:26:59,9.4942,50.8122,71.74,71,78,13.2,broken clouds
334,Namtsy,RU,2022-01-27 01:26:59,62.7161,129.6658,-34.49,100,96,1.25,overcast clouds
335,Tasiilaq,GL,2022-01-27 01:27:00,65.6145,-37.6368,17.76,79,100,8.12,overcast clouds
336,Huambo,AO,2022-01-27 01:27:01,-12.7761,15.7392,58.98,93,100,1.83,overcast clouds
337,Visnes,NO,2022-01-27 01:27:02,59.3556,5.2242,47.57,87,40,21.85,scattered clouds
338,Ciudad Bolivar,VE,2022-01-27 01:27:02,8.1222,-63.5497,81.41,45,15,12.95,few clouds
339,Nichinan,JP,2022-01-27 01:27:03,31.6,131.3667,51.48,69,100,3.13,light rain
340,Wenling,CN,2022-01-27 01:27:04,28.3669,121.36,51.91,91,100,11.99,overcast clouds
341,Stornoway,GB,2022-01-27 01:27:05,58.2093,-6.3865,44.56,80,75,7.0,broken clouds
342,Pangnirtung,CA,2022-01-27 01:22:42,66.1451,-65.7125,-22.83,97,100,4.09,overcast clouds
343,Tiksi,RU,2022-01-27 01:27:06,71.6872,128.8694,0.36,88,75,17.38,broken clouds
344,Souillac,MU,2022-01-27 01:27:07,-20.5167,57.5167,71.37,88,40,4.61,light rain
345,Waingapu,ID,2022-01-27 01:27:08,-9.6567,120.2641,83.86,72,100,14.23,overcast clouds
346,Goderich,CA,2022-01-27 01:27:08,43.7501,-81.7165,12.9,61,97,9.22,overcast clouds
347,Mount Isa,AU,2022-01-27 01:27:09,-20.7333,139.5,82.17,78,100,12.66,overcast clouds
348,Lompoc,US,2022-01-27 01:27:10,34.6391,-120.4579,62.78,74,0,9.22,clear sky
349,Wajir,KE,2022-01-27 01:27:11,1.7471,40.0573,74.75,61,0,12.84,clear sky
350,Hoquiam,US,2022-01-27 01:27:11,46.9809,-123.8893,50.94,69,0,9.22,clear sky
351,Bastia,FR,2022-01-27 01:27:12,42.6667,9.3333,48.29,74,0,9.22,clear sky
352,Monduli,TZ,2022-01-27 01:27:10,-3.3,36.45,60.64,71,84,6.42,broken clouds
353,Oranjemund,NA,2022-01-27 01:27:14,-28.55,16.4333,64.58,87,100,13.58,overcast clouds
354,Zemlyansk,RU,2022-01-27 01:27:15,51.9041,38.7334,8.24,100,98,3.98,overcast clouds
355,Ponta Do Sol,PT,2022-01-27 01:27:16,32.6667,-17.1,60.71,69,59,6.06,broken clouds
356,Anderson,US,2022-01-27 01:23:29,34.5334,-82.6499,45.48,68,0,3.0,clear sky
357,Shenzhen,CN,2022-01-27 01:23:20,22.5455,114.0683,69.84,95,99,4.92,overcast clouds
358,Santa Rosa,PH,2022-01-27 01:26:07,14.3122,121.1114,86.09,76,41,12.19,scattered clouds
359,Vila Franca Do Campo,PT,2022-01-27 01:27:19,37.7167,-25.4333,58.19,77,20,10.04,few clouds
360,Bulungu,CD,2022-01-27 01:27:20,-4.55,18.6,68.7,95,100,0.4,overcast clouds
361,Umea,SE,2022-01-27 01:27:21,63.8284,20.2597,17.91,92,100,0.0,overcast clouds
362,Kautokeino,NO,2022-01-27 01:27:22,69.0125,23.0412,3.09,99,100,1.68,overcast clouds
363,Terra Santa,BR,2022-01-27 01:27:22,-2.1042,-56.4869,74.7,92,100,1.63,overcast clouds
364,Parainen,FI,2022-01-27 01:28:23,60.3067,22.301,33.12,98,97,5.95,overcast clouds
365,Alta Floresta,BR,2022-01-27 01:28:25,-9.8756,-56.0861,71.69,97,100,3.91,overcast clouds
366,Awjilah,LY,2022-01-27 01:28:26,29.1081,21.2869,49.78,65,93,6.13,overcast clouds
367,Kikwit,CD,2022-01-27 01:28:27,-5.041,18.8162,68.11,94,100,0.16,overcast clouds
368,Talaya,RU,2022-01-27 01:28:27,61.3833,152.75,-33.43,99,100,1.66,overcast clouds
369,Coos Bay,US,2022-01-27 01:25:55,43.3665,-124.2179,51.93,96,40,5.75,scattered clouds
370,Smithers,CA,2022-01-27 01:28:29,54.7804,-127.1743,28.72,86,75,4.61,broken clouds
371,Matay,EG,2022-01-27 01:28:30,28.419,30.7792,42.98,60,0,7.7,clear sky
372,Hohr-Grenzhausen,DE,2022-01-27 01:28:30,50.4333,7.6667,34.5,87,100,4.56,overcast clouds
373,Eyrarbakki,IS,2022-01-27 01:28:31,63.863,-21.1481,28.45,84,100,3.71,overcast clouds
374,Vallenar,CL,2022-01-27 01:28:32,-28.5708,-70.7581,71.2,58,0,4.52,clear sky
375,Martapura,ID,2022-01-27 01:28:33,-3.4167,114.85,84.29,74,20,13.8,few clouds
376,Nampula,MZ,2022-01-27 01:28:33,-15.1165,39.2666,70.02,97,100,3.04,overcast clouds
377,San Carlos De Bariloche,AR,2022-01-27 01:28:34,-41.1456,-71.3082,69.55,43,40,0.0,scattered clouds
378,Nishihara,JP,2022-01-27 01:28:35,26.1842,127.7558,71.65,66,40,9.22,scattered clouds
379,Ridgecrest,US,2022-01-27 01:28:36,35.6225,-117.6709,55.26,17,20,1.01,few clouds
380,Haines Junction,CA,2022-01-27 01:28:36,60.7522,-137.5108,17.55,86,100,0.0,overcast clouds
381,Verkhniy Lomov,RU,2022-01-27 01:28:37,53.4678,43.5511,-1.66,100,99,5.73,overcast clouds
382,Thinadhoo,MV,2022-01-27 01:28:38,0.5333,72.9333,81.39,71,100,19.3,overcast clouds
383,Ust-Kuyga,RU,2022-01-27 01:28:39,70.0167,135.6,-9.65,97,100,10.22,overcast clouds
384,Kalengwa,ZM,2022-01-27 01:28:39,-13.4659,25.0027,62.65,99,100,3.87,light rain
385,Nha Trang,VN,2022-01-27 01:27:54,12.25,109.1833,77.0,77,26,7.34,scattered clouds
386,Toktogul,KG,2022-01-27 01:28:41,41.8708,72.9402,14.11,58,2,3.49,clear sky
387,Novomikhaylovskiy,RU,2022-01-27 01:28:42,44.2581,38.8578,31.96,89,100,5.91,light snow
388,Khoy,IR,2022-01-27 01:28:42,38.5504,44.9535,21.4,89,100,1.83,overcast clouds
389,Pandavapura,IN,2022-01-27 01:28:43,12.5006,76.6733,65.7,79,70,2.77,broken clouds
390,Jiblah,YE,2022-01-27 01:28:44,13.9216,44.1467,53.85,89,16,2.71,few clouds
391,Solnechnyy,RU,2022-01-27 01:28:45,50.7214,136.6319,1.4,93,100,2.51,overcast clouds
392,Thunder Bay,CA,2022-01-27 01:28:01,48.4001,-89.3168,19.56,75,100,14.97,overcast clouds
393,Fredericton,CA,2022-01-27 01:28:20,45.9454,-66.6656,-2.99,76,0,4.0,clear sky
394,Moba,CN,2022-01-27 01:28:47,33.2288,105.0179,27.79,79,99,4.61,overcast clouds
395,Abu Dhabi,AE,2022-01-27 01:24:20,24.4667,54.3667,60.82,100,0,0.0,mist
396,Meulaboh,ID,2022-01-27 01:27:55,4.1363,96.1285,77.11,81,45,3.65,scattered clouds
397,Kavaratti,IN,2022-01-27 01:28:49,10.5669,72.642,77.23,62,100,8.19,overcast clouds
398,Curitibanos,BR,2022-01-27 01:28:50,-27.2828,-50.5844,65.16,94,96,3.31,overcast clouds
399,Savelugu,GH,2022-01-27 01:28:51,9.6244,-0.8253,75.42,16,0,6.11,clear sky
400,Tornio,FI,2022-01-27 01:28:51,65.8481,24.1466,21.22,98,100,5.32,overcast clouds
401,Wanaka,NZ,2022-01-27 01:25:41,-44.7,169.15,63.1,35,10,5.99,clear sky
402,Shimoda,JP,2022-01-27 01:28:53,34.6667,138.95,51.1,74,100,3.42,overcast clouds
403,Barahona,DO,2022-01-27 01:28:54,18.2085,-71.1008,75.04,73,0,5.3,clear sky
404,Pyapon,MM,2022-01-27 01:28:55,16.2833,95.6833,68.56,71,4,5.28,clear sky
405,Fort Abbas,PK,2022-01-27 01:28:55,29.1925,72.8536,51.6,34,0,4.92,clear sky
406,Fortuna,US,2022-01-27 01:28:29,40.5982,-124.1573,48.92,90,75,6.91,broken clouds
407,Suntar,RU,2022-01-27 01:28:57,62.1444,117.6319,-3.6,96,100,6.49,overcast clouds
408,Stromness,GB,2022-01-27 01:28:58,58.965,-3.296,44.85,85,100,43.64,overcast clouds
409,Adre,TD,2022-01-27 01:28:58,13.4667,22.2,58.17,26,5,23.0,clear sky
410,Jinchang,CN,2022-01-27 01:29:59,38.4953,102.1739,20.62,54,100,0.78,overcast clouds
411,North Platte,US,2022-01-27 01:30:00,41.1239,-100.7654,33.26,76,0,1.01,clear sky
412,Paramonga,PE,2022-01-27 01:30:01,-10.6667,-77.8333,71.71,82,85,8.3,overcast clouds
413,Oriximina,BR,2022-01-27 01:30:02,-1.7656,-55.8661,75.97,86,100,1.41,overcast clouds
414,Cairns,AU,2022-01-27 01:27:50,-16.9167,145.7667,90.95,70,100,5.75,overcast clouds
415,Cloquet,US,2022-01-27 01:30:04,46.7216,-92.4594,18.79,78,100,14.97,overcast clouds
416,Rayong,TH,2022-01-27 01:30:05,12.8333,101.4333,83.79,70,7,0.92,clear sky
417,Ossora,RU,2022-01-27 01:30:06,59.2353,163.0719,16.81,93,100,18.43,snow
418,Kuusamo,FI,2022-01-27 01:30:08,65.9667,29.1833,15.84,92,100,6.91,overcast clouds
419,Frolovo,RU,2022-01-27 01:30:09,49.7713,43.6622,27.01,93,100,8.95,light snow
420,Inongo,CD,2022-01-27 01:30:10,-1.95,18.2667,73.63,86,99,4.94,overcast clouds
421,Grand Gaube,MU,2022-01-27 01:29:33,-20.0064,57.6608,71.38,72,24,3.0,few clouds
422,Symington,GB,2022-01-27 01:30:11,55.6018,-3.5953,47.52,72,100,22.08,overcast clouds
423,Hammerfest,NO,2022-01-27 01:29:05,70.6634,23.6821,28.85,93,100,3.44,shower snow
424,Devils Lake,US,2022-01-27 01:30:13,48.1128,-98.8651,28.51,85,100,11.01,overcast clouds
425,Mitchell,US,2022-01-27 01:30:14,43.7094,-98.0298,33.78,60,0,1.01,clear sky
426,Nemuro,JP,2022-01-27 01:30:14,43.3236,145.575,25.23,93,100,9.91,light snow
427,Zhangjiakou,CN,2022-01-27 01:30:16,40.81,114.8794,11.91,63,1,5.19,clear sky
428,Dover,US,2022-01-27 01:30:15,39.1582,-75.5244,27.95,57,0,1.99,clear sky
429,Abu Samrah,SY,2022-01-27 01:30:17,35.3029,37.1841,38.59,91,100,10.22,overcast clouds
430,Kudahuvadhoo,MV,2022-01-27 01:30:18,2.6708,72.8944,79.74,69,100,14.45,overcast clouds
431,Halifax,CA,2022-01-27 01:29:09,44.6453,-63.5724,15.22,77,46,8.99,scattered clouds
432,Fare,PF,2022-01-27 01:30:19,-16.7,-151.0167,80.71,77,27,15.55,scattered clouds
433,Abeche,TD,2022-01-27 01:30:20,13.8292,20.8324,61.59,23,17,18.05,few clouds
434,Boyolangu,ID,2022-01-27 01:30:21,-8.1181,111.8935,82.85,73,90,1.83,overcast clouds
435,Hobyo,SO,2022-01-27 01:30:22,5.3505,48.5268,74.7,69,27,15.3,scattered clouds
436,Amparafaravola,MG,2022-01-27 01:30:23,-17.5833,48.2167,60.13,98,53,3.44,broken clouds
437,Zhanaozen,KZ,2022-01-27 01:30:24,43.3,52.8,32.22,63,97,13.58,overcast clouds
438,Poum,NC,2022-01-27 01:30:24,-20.2333,164.0167,81.03,75,25,10.42,scattered clouds
439,Olafsvik,IS,2022-01-27 01:30:25,64.8945,-23.7142,33.85,60,100,6.17,overcast clouds
440,Anloga,GH,2022-01-27 01:30:26,5.7947,0.8973,73.62,84,0,7.31,clear sky
441,Tromso,NO,2022-01-27 01:30:27,69.6496,18.957,26.62,86,75,2.3,broken clouds
442,Alice Springs,AU,2022-01-27 01:27:48,-23.7,133.8833,87.35,55,13,2.3,few clouds
443,Binay,PH,2022-01-27 01:30:29,13.5028,122.5975,81.45,74,100,2.77,overcast clouds
444,Nabire,ID,2022-01-27 01:30:30,-3.3667,135.4833,82.38,66,100,1.03,overcast clouds
445,Cabinda,AO,2022-01-27 01:30:31,-5.55,12.2,76.68,90,95,2.91,overcast clouds
446,Margate,GB,2022-01-27 01:30:31,51.3813,1.3862,43.88,82,96,5.01,overcast clouds
447,Labuan,MY,2022-01-27 01:30:32,5.2767,115.2417,80.96,94,20,3.0,few clouds
448,Boguchany,RU,2022-01-27 01:30:33,58.3814,97.4531,-11.27,100,100,2.48,overcast clouds
449,Byron Bay,AU,2022-01-27 01:30:34,-28.65,153.6167,81.05,65,5,10.29,clear sky
450,Dickson,US,2022-01-27 01:29:43,36.077,-87.3878,29.05,47,0,3.44,clear sky
451,Aripuana,BR,2022-01-27 01:28:13,-9.1667,-60.6333,71.92,99,100,1.9,overcast clouds
452,Jaumave,MX,2022-01-27 01:30:36,23.4167,-99.3833,59.95,83,100,2.66,overcast clouds
453,Port Lincoln,AU,2022-01-27 01:30:30,-34.7333,135.8667,76.33,68,9,5.82,clear sky
454,Tura,IN,2022-01-27 01:30:44,25.5198,90.2201,57.85,82,75,2.15,broken clouds
455,Ponta Delgada,PT,2022-01-27 01:31:38,37.7333,-25.6667,58.5,72,20,12.66,few clouds
456,Akdepe,TM,2022-01-27 01:31:39,42.0551,59.3788,21.29,75,4,10.63,clear sky
457,Tobol,KZ,2022-01-27 01:31:40,52.6844,62.5794,15.01,95,100,7.76,overcast clouds
458,Massakory,TD,2022-01-27 01:31:42,12.996,15.7293,63.39,20,2,18.12,clear sky
459,Taungdwingyi,MM,2022-01-27 01:31:43,20.0167,95.55,69.12,65,0,1.3,clear sky
460,Gat,IL,2022-01-27 01:31:43,31.61,34.7642,47.08,100,86,26.55,overcast clouds
461,Abapo,BO,2022-01-27 01:31:44,-18.8333,-63.4667,73.29,64,90,1.97,overcast clouds
462,Chunskiy,RU,2022-01-27 01:31:45,56.0815,99.6342,-0.4,96,100,2.44,overcast clouds
463,Tazovskiy,RU,2022-01-27 01:29:35,67.4667,78.7,0.93,95,100,12.26,overcast clouds
464,Kadoma,JP,2022-01-27 01:31:46,34.7333,135.5833,48.2,59,40,8.05,scattered clouds
465,Shu,KZ,2022-01-27 01:31:47,43.5983,73.7614,25.81,70,1,2.84,clear sky
466,Bathsheba,BB,2022-01-27 01:31:09,13.2167,-59.5167,72.21,88,20,6.91,few clouds
467,Praia Da Vitoria,PT,2022-01-27 01:27:29,38.7333,-27.0667,57.76,88,75,11.27,broken clouds
468,Kichmengskiy Gorodok,RU,2022-01-27 01:31:50,59.9816,45.7854,-6.03,100,98,2.77,overcast clouds
469,Labe,GN,2022-01-27 01:31:50,11.3182,-12.2833,63.41,17,41,0.49,scattered clouds
470,Pasighat,IN,2022-01-27 01:31:52,28.0667,95.3333,57.29,79,93,3.04,overcast clouds
471,Mbeya,TZ,2022-01-27 01:31:53,-8.9,33.45,59.58,94,100,1.92,light rain
472,Champerico,GT,2022-01-27 01:31:53,14.3,-91.9167,80.04,72,5,3.89,clear sky
473,Saurikh,IN,2022-01-27 01:31:54,27.029,79.4896,46.2,83,0,6.26,clear sky
474,Vestmanna,FO,2022-01-27 01:31:55,62.1564,-7.1664,34.72,80,75,23.02,broken clouds
475,San Matias,BO,2022-01-27 01:31:56,-16.3667,-58.4,79.75,73,93,4.5,overcast clouds
476,Jaque,PA,2022-01-27 01:31:56,7.5175,-78.1703,77.2,86,90,6.4,overcast clouds
477,Aneho,TG,2022-01-27 01:31:58,6.2333,1.6,73.6,82,1,6.55,clear sky
478,Phan Thiet,VN,2022-01-27 01:27:29,10.9333,108.1,77.45,69,59,0.94,broken clouds
479,Jaguaruana,BR,2022-01-27 01:31:59,-4.8339,-37.7811,74.53,89,100,1.74,moderate rain
480,Coihaique,CL,2022-01-27 01:31:28,-45.5752,-72.0662,67.95,49,0,2.3,clear sky
481,Norsup,VU,2022-01-27 01:32:01,-16.0667,167.3833,86.61,70,100,11.54,overcast clouds
482,Syasstroy,RU,2022-01-27 01:32:02,60.1367,32.5691,18.37,89,100,12.5,snow
483,Mapiripan,CO,2022-01-27 01:32:03,2.8892,-72.1256,81.03,50,100,3.96,overcast clouds
484,Amahai,ID,2022-01-27 01:32:03,-3.3333,128.9167,87.8,59,100,1.86,overcast clouds
485,Skagen,DK,2022-01-27 01:32:04,57.7209,10.5839,41.27,93,100,30.22,overcast clouds
486,Yatou,CN,2022-01-27 01:32:05,37.15,122.3833,33.17,47,81,16.87,broken clouds
487,Ranau,MY,2022-01-27 01:32:06,5.9538,116.6641,75.85,70,76,1.45,broken clouds
488,Jackson,US,2022-01-27 01:31:05,42.4165,-122.8345,56.44,42,0,0.0,clear sky
489,Nara,JP,2022-01-27 01:29:24,34.6851,135.8049,47.52,64,73,5.28,broken clouds
490,Vidim,RU,2022-01-27 01:32:09,56.4088,103.1106,-11.22,100,96,1.9,overcast clouds
491,Imeni Poliny Osipenko,RU,2022-01-27 01:32:11,52.4201,136.4853,-7.37,96,100,3.15,overcast clouds
492,Youghal,IE,2022-01-27 01:32:11,51.95,-7.8506,51.1,100,100,14.36,overcast clouds
493,Roald,NO,2022-01-27 01:32:12,62.5833,6.1333,41.11,93,100,16.11,light rain
494,Havre-Saint-Pierre,CA,2022-01-27 01:33:13,50.2334,-63.5986,-1.61,59,0,4.61,clear sky
495,Erzin,TR,2022-01-27 01:33:14,36.9559,36.2,41.52,91,100,3.53,overcast clouds
496,Petukhovo,RU,2022-01-27 01:33:15,55.0692,67.9019,3.09,86,100,9.24,overcast clouds
497,Marand,IR,2022-01-27 01:33:15,38.4329,45.7749,32.34,91,97,1.23,overcast clouds
498,Marawi,PH,2022-01-27 01:33:16,7.9986,124.2928,73.65,63,77,1.01,broken clouds
499,Cruzeiro Do Sul,BR,2022-01-27 01:33:17,-29.5128,-51.9853,78.51,95,100,3.31,light rain
500,Nurobod,UZ,2022-01-27 01:33:18,40.9056,69.8023,32.85,32,0,9.51,clear sky
501,Yeppoon,AU,2022-01-27 01:33:19,-23.1333,150.7333,87.58,70,99,15.3,overcast clouds
502,Mabaruma,GY,2022-01-27 01:33:20,8.2,-59.7833,69.26,83,83,3.27,broken clouds
503,Neon Karlovasion,GR,2022-01-27 01:33:21,37.7903,26.7044,38.91,64,0,16.67,clear sky
504,Lazurne,UA,2022-01-27 01:33:22,46.084,32.5295,25.48,90,86,12.44,overcast clouds
505,Launceston,AU,2022-01-27 01:31:56,-41.45,147.1667,65.61,90,100,1.99,moderate rain
506,Palora,EC,2022-01-27 01:33:23,-1.7,-77.9333,66.83,98,100,1.83,light rain
507,Belousovka,KZ,2022-01-27 01:33:24,50.1339,82.5239,11.25,79,100,4.47,overcast clouds
508,Gonbad-E Qabus,IR,2022-01-27 01:33:25,37.25,55.1672,42.71,93,81,2.3,broken clouds
509,Chapais,CA,2022-01-27 01:33:25,49.7834,-74.8492,-15.02,87,30,12.24,scattered clouds
510,Puerto Madero,MX,2022-01-27 01:33:26,14.7208,-92.4215,77.2,94,0,2.3,clear sky
511,Votkinsk,RU,2022-01-27 01:33:27,57.0486,53.9872,8.78,94,100,8.43,snow
512,Nuuk,GL,2022-01-27 01:29:00,64.1835,-51.7216,18.21,73,100,9.22,light snow
513,Angoche,MZ,2022-01-27 01:33:28,-16.2325,39.9086,74.32,92,100,8.21,overcast clouds
514,Chama,CH,2022-01-27 01:32:22,47.1821,8.4636,31.26,94,75,2.3,mist
515,Mitsamiouli,KM,2022-01-27 01:33:30,-11.3847,43.2844,79.81,75,96,5.44,overcast clouds
516,Kultayevo,RU,2022-01-27 01:33:30,57.8943,55.9392,1.38,78,75,2.24,broken clouds
517,Leh,IN,2022-01-27 01:33:31,34.1667,77.5833,-9.18,88,99,3.51,overcast clouds
518,Ferme-Neuve,CA,2022-01-27 01:33:32,46.7001,-75.4493,-13.22,97,9,3.65,clear sky
519,Sosua,DO,2022-01-27 01:33:33,19.7667,-70.5167,78.78,94,20,0.0,few clouds
520,Ust-Ilimsk,RU,2022-01-27 01:33:33,58.0006,102.6619,-15.48,100,88,1.86,overcast clouds
521,Itarema,BR,2022-01-27 01:33:34,-2.9248,-39.9167,76.55,89,100,9.89,overcast clouds
522,Port Blair,IN,2022-01-27 01:30:34,11.6667,92.75,78.84,78,40,9.22,scattered clouds
523,Madang,PG,2022-01-27 01:33:35,-5.2246,145.7966,86.74,65,100,2.98,light rain
524,Ndele,CF,2022-01-27 01:33:36,8.4109,20.6473,70.5,25,100,5.41,overcast clouds
525,Bam,IR,2022-01-27 01:33:37,29.106,58.357,50.23,33,0,2.42,clear sky
526,Providencia,MX,2022-01-27 01:33:38,28.7167,-111.5833,73.45,49,100,12.15,overcast clouds
527,Torma,EE,2022-01-27 01:33:38,58.8128,26.7383,28.15,96,100,7.76,overcast clouds
528,Kuytun,RU,2022-01-27 01:33:40,54.3419,101.5036,-9.42,100,100,3.24,overcast clouds
529,Udimskiy,RU,2022-01-27 01:33:41,61.1417,45.9144,-6.38,100,100,3.6,overcast clouds
530,Mayumba,GA,2022-01-27 01:33:42,-3.432,10.6554,76.1,88,70,2.66,broken clouds
531,Kousseri,CM,2022-01-27 01:33:43,12.0769,15.0306,69.76,17,25,17.27,dust
532,Negombo,LK,2022-01-27 01:33:44,7.2083,79.8358,73.45,100,97,2.3,overcast clouds
533,Uhlirske Janovice,CZ,2022-01-27 01:33:45,49.8802,15.0648,32.94,82,100,11.27,overcast clouds
534,Vodnyy,RU,2022-01-27 01:33:46,63.5046,53.4095,2.39,100,86,3.44,overcast clouds
535,Saint-Joseph,RE,2022-01-27 01:33:46,-21.3667,55.6167,70.18,67,38,6.22,scattered clouds
536,Sioux Lookout,CA,2022-01-27 01:33:48,50.1001,-91.917,19.78,86,100,8.05,overcast clouds
537,Gunjur,GM,2022-01-27 01:33:48,13.2019,-16.7339,73.56,54,92,13.38,overcast clouds
538,Obidos,BR,2022-01-27 01:34:49,-1.9175,-55.5181,75.56,84,100,0.94,overcast clouds
539,Mikkeli,FI,2022-01-27 01:34:50,61.6886,27.2723,28.51,93,100,5.75,light snow
540,Aitape,PG,2022-01-27 01:34:50,-3.1374,142.3475,83.57,76,85,1.72,overcast clouds
541,Vondrozo,MG,2022-01-27 01:34:51,-22.8167,47.2833,65.12,93,98,0.85,light rain
542,Pilar,BR,2022-01-27 01:34:52,-9.5972,-35.9567,80.53,87,3,3.02,clear sky
543,Los Llanos De Aridane,ES,2022-01-27 01:34:53,28.6585,-17.9182,56.95,78,75,8.99,broken clouds
544,Daru,PG,2022-01-27 01:34:53,-9.0763,143.2092,84.92,72,100,8.1,overcast clouds
545,Oyek,RU,2022-01-27 01:34:54,52.5861,104.4556,1.78,99,41,3.65,scattered clouds
546,Ahmadpur Sial,PK,2022-01-27 01:34:55,30.6754,71.7483,46.27,41,0,4.43,clear sky
547,Maroantsetra,MG,2022-01-27 01:34:56,-15.4333,49.7333,74.34,85,41,5.53,light rain
548,Ganzhou,CN,2022-01-27 01:34:57,28.8184,115.4327,43.29,91,100,5.75,light rain
549,Broome,US,2022-01-27 01:34:57,42.2506,-75.833,7.81,78,9,1.01,clear sky
550,Xining,CN,2022-01-27 01:34:41,36.6167,101.7667,16.88,76,100,1.45,overcast clouds
551,Mariel,CU,2022-01-27 01:34:59,22.9875,-82.7536,75.34,82,30,3.89,scattered clouds
552,Flinders,AU,2022-01-27 01:34:59,-34.5833,150.8552,81.81,62,7,7.0,clear sky
553,Salinas,US,2022-01-27 01:30:39,36.6777,-121.6555,63.41,65,0,6.91,clear sky
554,Hambantota,LK,2022-01-27 01:35:01,6.1241,81.1185,70.14,100,20,2.3,few clouds
555,Ati,TD,2022-01-27 01:35:01,13.2154,18.3353,64.11,22,4,16.33,clear sky
556,Sudogda,RU,2022-01-27 01:35:02,55.9539,40.8629,-5.19,100,98,1.63,light snow
557,Hvolsvollur,IS,2022-01-27 01:35:03,63.7533,-20.2243,25.81,85,74,3.04,broken clouds
558,Yumen,CN,2022-01-27 01:35:04,40.2833,97.2,19.2,44,91,7.09,overcast clouds
559,Nambucca Heads,AU,2022-01-27 01:35:05,-30.65,153.0,77.0,66,98,3.44,overcast clouds
560,Nelson Bay,AU,2022-01-27 01:35:05,-32.7167,152.15,82.76,59,0,4.0,clear sky
561,Mae Ramat,TH,2022-01-27 01:35:06,16.984,98.5166,62.92,36,1,0.54,clear sky
562,Oyama,JP,2022-01-27 01:35:07,36.3,139.8,50.61,39,7,0.94,clear sky
563,Maldonado,UY,2022-01-27 01:35:08,-34.6667,-54.9167,69.19,79,100,17.2,overcast clouds
564,Markkleeberg,DE,2022-01-27 01:35:09,51.2833,12.4,37.62,93,75,4.0,broken clouds
565,Rio Grande,BR,2022-01-27 01:35:10,-32.035,-52.0986,77.11,93,100,15.75,overcast clouds
566,Novokayakent,RU,2022-01-27 01:35:11,42.3937,47.9861,35.65,85,98,10.38,overcast clouds
567,Mananjary,MG,2022-01-27 01:35:12,-21.2167,48.3333,72.01,83,28,2.66,light rain
568,Santiago Del Estero,AR,2022-01-27 01:35:13,-27.7951,-64.2615,74.59,94,100,6.08,overcast clouds
569,Camargo,MX,2022-01-27 01:35:14,27.6667,-105.1667,59.72,15,9,7.25,clear sky
570,Airai,TL,2022-01-27 01:35:14,-8.9266,125.4092,72.48,64,89,5.61,overcast clouds
571,Ketchikan,US,2022-01-27 01:35:15,55.3422,-131.6461,39.18,93,40,6.91,scattered clouds
572,High Prairie,CA,2022-01-27 01:35:16,55.4334,-116.4858,20.55,94,14,6.38,few clouds
573,Moussoro,TD,2022-01-27 01:35:17,13.6408,16.4901,61.29,21,5,20.07,clear sky
574,Tanga,TZ,2022-01-27 01:35:18,-5.0667,39.1,76.73,85,100,10.13,overcast clouds
575,Valley City,US,2022-01-27 01:33:58,46.9233,-98.0032,32.99,93,100,23.02,overcast clouds
576,San Cristobal,VE,2022-01-27 01:35:19,7.7669,-72.225,71.78,88,95,2.01,overcast clouds
577,Bogorodskoye,RU,2022-01-27 01:35:20,56.55,37.8833,17.1,100,100,3.44,overcast clouds
578,Isangel,VU,2022-01-27 01:35:21,-19.55,169.2667,87.91,84,100,3.44,heavy intensity rain
579,Umm Kaddadah,SD,2022-01-27 01:35:22,13.6017,26.6876,55.47,27,59,20.92,broken clouds
580,Port Hawkesbury,CA,2022-01-27 01:35:23,45.6169,-61.3485,22.17,89,100,5.99,overcast clouds
581,Cananeia,BR,2022-01-27 01:35:23,-25.0147,-47.9267,77.99,87,100,3.27,overcast clouds
582,Abu Kamal,SY,2022-01-27 01:35:24,34.4506,40.9171,46.98,62,59,16.22,broken clouds
583,Kidal,ML,2022-01-27 01:35:25,18.4411,1.4078,60.78,22,72,15.17,broken clouds
584,Kenai,US,2022-01-27 01:33:15,60.5544,-151.2583,24.15,76,100,11.5,overcast clouds
585,Camacha,PT,2022-01-27 01:35:27,33.0833,-16.3333,56.16,82,40,19.57,scattered clouds
586,Kamaishi,JP,2022-01-27 01:36:28,39.2667,141.8833,31.15,48,4,12.3,clear sky
587,Boali,CF,2022-01-27 01:36:28,4.8005,18.1275,71.47,25,90,3.4,overcast clouds
588,Morant Bay,JM,2022-01-27 01:36:29,17.8815,-76.4093,80.22,83,7,6.67,clear sky
589,Glenluce,GB,2022-01-27 01:36:30,54.8798,-4.8084,50.29,85,99,20.65,overcast clouds
590,York,US,2022-01-27 01:32:03,40.1254,-77.0,22.19,55,0,4.61,clear sky
591,Verkhnyaya Inta,RU,2022-01-27 01:36:31,65.9811,60.3094,11.3,96,100,4.99,overcast clouds
592,Oistins,BB,2022-01-27 01:36:06,13.0667,-59.5333,71.69,88,20,6.91,few clouds
593,Ipora,BR,2022-01-27 01:36:32,-16.4419,-51.1178,68.63,92,10,0.85,clear sky
594,Tunoshna,RU,2022-01-27 01:36:33,57.5459,40.1254,-5.57,100,100,3.56,overcast clouds
595,Ostrovnoy,RU,2022-01-27 01:36:34,68.0531,39.5131,10.31,98,74,19.53,broken clouds
596,Sibolga,ID,2022-01-27 01:36:35,1.7427,98.7792,81.55,63,56,1.16,broken clouds
597,Sampit,ID,2022-01-27 01:36:36,-2.5333,112.95,84.94,67,93,3.6,overcast clouds
598,Buenos Aires,AR,2022-01-27 01:34:22,-34.6132,-58.3772,67.73,65,0,18.41,clear sky
599,Acapulco,MX,2022-01-27 01:33:38,16.8634,-99.8901,78.62,83,20,4.61,few clouds
600,Bahia Honda,CU,2022-01-27 01:36:37,22.9036,-83.1592,74.01,83,51,5.46,moderate rain
601,Glendive,US,2022-01-27 01:36:38,47.1053,-104.7125,35.22,75,100,11.5,overcast clouds
602,Camaqua,BR,2022-01-27 01:36:39,-30.8511,-51.8122,74.61,97,100,0.96,overcast clouds
603,Manakara,MG,2022-01-27 01:36:40,-22.1333,48.0167,72.99,81,90,3.36,light rain
604,Jaisalmer,IN,2022-01-27 01:36:40,26.9147,70.9181,51.6,25,0,2.37,clear sky
605,Amapa,BR,2022-01-27 01:36:41,1.0,-52.0,70.56,99,55,1.59,broken clouds
606,Sabya,SA,2022-01-27 01:36:42,17.1495,42.6254,76.62,75,0,4.52,clear sky
607,Lovozero,RU,2022-01-27 01:36:43,68.005,35.0117,3.36,92,94,5.1,overcast clouds
608,Russell,US,2022-01-27 01:35:24,32.3502,-85.1999,49.28,45,0,5.75,clear sky
609,Watrous,CA,2022-01-27 01:36:44,51.6668,-105.4679,29.98,80,54,13.8,broken clouds
610,Yaan,NG,2022-01-27 01:36:45,7.3833,8.5667,74.34,21,4,4.68,clear sky
611,Bella Vista,US,2022-01-27 01:36:46,36.4295,-94.2316,37.92,45,100,3.0,overcast clouds
612,Puri,IN,2022-01-27 01:36:47,19.8,85.85,64.92,59,0,12.84,clear sky
613,Almonte,ES,2022-01-27 01:36:48,37.2647,-6.5167,53.28,65,100,14.07,overcast clouds
614,Sharlyk,RU,2022-01-27 01:36:49,52.9167,54.75,6.19,98,98,6.49,overcast clouds
615,Umm Lajj,SA,2022-01-27 01:36:50,25.0213,37.2685,62.94,54,35,21.68,scattered clouds
616,Bolobo,CD,2022-01-27 01:36:50,-2.1667,16.2333,71.6,86,48,4.29,scattered clouds
617,Poya,NC,2022-01-27 01:36:51,-21.35,165.15,85.44,63,44,10.89,scattered clouds
618,Biak,ID,2022-01-27 01:36:00,-0.9131,122.8766,82.56,71,99,0.4,overcast clouds
619,Aykhal,RU,2022-01-27 01:36:00,66.0,111.5,-9.2,83,81,7.4,broken clouds
620,Kurilsk,RU,2022-01-27 01:36:53,45.2333,147.8833,25.5,55,100,8.84,overcast clouds
621,Port Moresby,PG,2022-01-27 01:36:54,-9.4431,147.1797,89.02,66,75,11.5,haze
622,Ginda,IN,2022-01-27 01:36:55,30.6945,78.4932,30.61,39,2,6.2,clear sky
623,Trinidad,BO,2022-01-27 01:33:15,-14.8333,-64.9,76.8,88,100,5.06,overcast clouds
624,Maple Creek,CA,2022-01-27 01:36:56,49.9168,-109.4848,32.41,93,100,13.8,snow
625,Yinchuan,CN,2022-01-27 01:36:57,38.4681,106.2731,24.1,42,65,5.44,broken clouds
626,Noumea,NC,2022-01-27 01:32:58,-22.2763,166.4572,85.98,99,97,17.36,overcast clouds
627,Bulaevo,KZ,2022-01-27 01:36:58,54.9056,70.4439,0.63,94,100,7.78,overcast clouds
628,Ibipeba,BR,2022-01-27 01:36:59,-11.6408,-42.0111,66.87,87,100,5.1,overcast clouds
629,Ugoofaaru,MV,2022-01-27 01:37:00,5.6667,73.0,78.91,62,100,9.57,overcast clouds
630,Muravlenko,RU,2022-01-27 01:37:01,63.7898,74.523,-0.94,96,95,11.05,overcast clouds
631,Simpang,ID,2022-01-27 01:37:02,-1.2667,104.0833,82.6,68,100,4.59,overcast clouds
632,Baturaja,ID,2022-01-27 01:37:02,-4.1333,104.1667,78.28,86,100,3.15,overcast clouds
633,Moron,AR,2022-01-27 01:37:03,-34.6534,-58.6198,67.75,68,56,12.68,broken clouds
634,Tinskoy,RU,2022-01-27 01:37:04,56.1525,96.9161,10.06,96,100,2.42,light snow
635,Marsh Harbour,BS,2022-01-27 01:35:28,26.5412,-77.0636,74.48,75,7,10.29,light rain
636,Buala,SB,2022-01-27 01:38:05,-8.145,159.5921,82.67,74,100,5.53,light rain
637,Koulikoro,ML,2022-01-27 01:38:07,14.0,-7.75,66.49,13,10,6.62,clear sky
638,Celestun,MX,2022-01-27 01:38:07,20.8667,-90.4,73.26,82,3,13.56,clear sky
639,Adrar,MR,2022-01-27 01:38:08,20.5022,-10.0711,64.09,16,5,8.08,clear sky
640,Vikulovo,RU,2022-01-27 01:38:09,56.8167,70.6107,0.28,93,100,7.2,overcast clouds
641,Sonoita,MX,2022-01-27 01:38:10,31.85,-112.8333,61.54,23,100,5.91,overcast clouds
642,Mazyr,BY,2022-01-27 01:38:11,52.0495,29.2456,14.52,97,78,6.22,broken clouds
643,Kupino,RU,2022-01-27 01:38:11,54.3663,77.2981,-14.75,100,98,4.85,overcast clouds
644,Tete,MZ,2022-01-27 01:38:12,-16.1564,33.5867,73.49,100,75,4.61,broken clouds
645,Llangefni,GB,2022-01-27 01:38:12,53.2556,-4.3106,51.66,93,75,26.46,mist
646,Khair,IN,2022-01-27 01:38:13,27.95,77.8333,45.61,82,0,5.82,clear sky
647,Miraflores,MX,2022-01-27 01:38:13,19.2167,-98.8083,66.02,61,7,4.56,clear sky
648,San Luis,AR,2022-01-27 01:34:21,-33.295,-66.3356,69.69,79,65,22.59,broken clouds
649,Mao,ES,2022-01-27 01:38:14,39.8885,4.2658,43.36,93,0,4.61,clear sky
650,Miles City,US,2022-01-27 01:38:14,46.4083,-105.8406,35.51,75,100,9.22,overcast clouds
651,Sorland,NO,2022-01-27 01:38:15,67.667,12.6934,38.39,75,88,8.84,overcast clouds
652,Arman,RU,2022-01-27 01:38:15,59.7,150.1667,-6.93,78,100,10.22,overcast clouds
653,Sabang,ID,2022-01-27 01:38:16,5.8933,95.3214,81.01,75,34,4.36,scattered clouds
654,Atlantic City,US,2022-01-27 01:37:44,39.3643,-74.4229,26.98,50,0,5.75,clear sky
655,Komsomolskiy,UZ,2022-01-27 01:38:16,40.4272,71.7189,27.82,80,0,6.91,clear sky
656,Rusape,ZW,2022-01-27 01:38:17,-18.5278,32.1284,62.24,94,100,4.61,overcast clouds
657,Guiren,CN,2022-01-27 01:38:17,33.6697,118.1889,38.08,56,95,11.56,overcast clouds
658,Inyonga,TZ,2022-01-27 01:38:18,-6.7167,32.0667,63.18,95,100,3.06,light rain
659,Atar,MR,2022-01-27 01:38:18,20.5169,-13.0499,63.32,49,27,8.46,scattered clouds
660,La Libertad,EC,2022-01-27 01:38:18,-2.2333,-80.9,74.68,87,100,5.03,moderate rain
661,Srednekolymsk,RU,2022-01-27 01:38:19,67.45,153.6833,-40.27,100,50,3.09,scattered clouds
662,Contamana,PE,2022-01-27 01:38:19,-7.3333,-75.0167,73.85,80,99,1.66,overcast clouds
663,Lagoa,PT,2022-01-27 01:38:20,39.05,-27.9833,58.66,81,16,12.35,few clouds
